日期,代码,名称,年管理费率,年托管费率,最新收盘价,60日均线,价格与60日均线关系,均线穿越,周MACD_DIF,周MACD_DEA,周MACD柱,MACD柱转向
2026-02-13,510300,华泰柏瑞沪深300ETF,0.15%,0.05%,4.671,4.7249,< 60日均线,下穿60日均线,0.0912,0.1241,-0.0657,
2026-02-13,516110,国泰中证800汽车与零部件ETF,0.50%,0.10%,1.375,1.397,< 60日均线,,0.0049,0.0149,-0.0198,
2026-02-13,159205,西藏东财创业板ETF,0.15%,0.05%,1.598,1.5675,≥ 60日均线,,0.0865,0.0972,-0.0213,
2026-02-13,562600,华夏中证全指医疗器械ETF,0.50%,0.10%,0.878,0.8883,< 60日均线,,-0.0015,0.0008,-0.0045,
2026-02-13,512220,景顺中证科技传媒通信150ETF,0.50%,0.10%,3.006,2.8505,≥ 60日均线,,0.2022,0.2073,-0.0103,
2026-02-13,159909,招商深证TMT50ETF,0.50%,0.10%,1.095,1.0737,≥ 60日均线,,0.0651,0.0719,-0.0135,
2026-02-13,515260,华宝中证电子50ETF,0.50%,0.10%,0.681,0.6682,≥ 60日均线,,-0.0421,-0.0528,0.0214,
2026-02-13,159162,鹏华中证工业有色金属主题ETF,0.50%,0.10%,,,N/A,,,,,
2026-02-13,159146,华宝中证全指电力公用事业ETF,0.50%,0.10%,,,N/A,,,,,
2026-02-13,159890,招商中证云计算ETF,0.15%,0.10%,1.907,1.7754,≥ 60日均线,,0.1216,0.1137,0.0158,
2026-02-13,561300,国泰沪深300增强策略ETF,0.50%,0.10%,1.012,0.9995,≥ 60日均线,,0.0285,0.0309,-0.0048,
2026-02-13,588870,汇添富上证科创板50成份ETF,0.15%,0.05%,1.499,1.4334,≥ 60日均线,,0.0711,0.0725,-0.0028,红转绿
2026-02-13,159651,平安中债-0-3年国开行债券ETF,0.15%,0.05%,107.088,106.8323,≥ 60日均线,,0.2068,0.1945,0.0246,
2026-02-13,159596,华宝中证A50ETF,0.15%,0.05%,0.637,0.636,≥ 60日均线,,-0.1148,-0.1225,0.0155,
2026-02-13,588150,南方上证科创板50ETF,0.15%,0.05%,1.035,0.9904,≥ 60日均线,,0.0518,0.0529,-0.0024,红转绿
2026-02-13,515580,华泰柏瑞中证科技100ETF,0.50%,0.10%,1.333,1.2806,≥ 60日均线,,0.0793,0.0823,-0.0059,
2026-02-13,516220,国泰中证细分化工产业主题ETF,0.50%,0.10%,1.003,0.9112,≥ 60日均线,,0.0736,0.0626,0.0221,
2026-02-13,588990,博时上证科创板芯片ETF,0.50%,0.10%,2.778,2.5551,≥ 60日均线,,0.1977,0.1886,0.0181,
2026-02-13,562570,华夏中证信息技术应用创新产业ETF,0.50%,0.10%,1.548,1.4575,≥ 60日均线,,0.046,0.0365,0.019,
2026-02-13,588810,富国上证科创板芯片ETF,0.50%,0.10%,1.89,1.734,≥ 60日均线,,0.135,0.1282,0.0136,
2026-02-13,589110,国泰上证科创板人工智能ETF,0.50%,0.10%,1.076,0.9572,≥ 60日均线,,,,,
2026-02-13,563990,富国中证800自由现金流ETF,0.50%,0.10%,1.335,1.28,≥ 60日均线,,0.0576,0.0526,0.01,
2026-02-13,516630,华夏中证云计算与大数据主题ETF,0.15%,0.05%,1.828,1.6999,≥ 60日均线,,0.1174,0.1097,0.0154,
2026-02-13,510170,国联安上证商品ETF,0.60%,0.10%,1.463,1.3032,≥ 60日均线,,0.105,0.0871,0.0358,
2026-02-13,589880,建信上证科创板综合ETF,0.15%,0.05%,1.443,1.3524,≥ 60日均线,,0.0784,0.0726,0.0114,
2026-02-13,560880,广发中证全指家用电器ETF,0.50%,0.10%,1.659,1.6263,≥ 60日均线,,0.0438,0.0438,0.0,
2026-02-13,159123,嘉实中证光伏产业ETF,0.50%,0.10%,,,N/A,,,,,
2026-02-13,512090,易方达MSCI中国A股ETF,0.15%,0.05%,1.97,1.9376,≥ 60日均线,,0.0583,0.0635,-0.0104,
2026-02-13,159336,融通中证诚通央企红利ETF,0.30%,0.05%,1.182,1.1416,≥ 60日均线,,0.0264,0.0225,0.0077,
2026-02-13,515810,易方达中证800ETF,0.15%,0.05%,1.694,1.646,≥ 60日均线,,0.0628,0.0638,-0.002,红转绿
2026-02-13,159142,景顺长城中证科创创业人工智能ETF,0.50%,0.10%,,,N/A,,,,,
2026-02-13,159233,平安中证全指自由现金流ETF,0.50%,0.10%,1.295,1.2417,≥ 60日均线,,0.0553,0.0497,0.0112,
2026-02-13,589100,国泰上证科创板芯片ETF,0.50%,0.10%,1.716,1.5782,≥ 60日均线,,0.1204,0.1137,0.0134,
2026-02-13,515950,富国中证医药50ETF,0.50%,0.10%,0.931,0.9475,< 60日均线,,-0.0066,-0.0002,-0.0126,
2026-02-13,563500,华宝中证A500ETF,0.15%,0.05%,0.645,0.6262,≥ 60日均线,,-0.0941,-0.1033,0.0184,
2026-02-13,589220,国泰上证科创板200ETF,0.15%,0.05%,,,N/A,,,,,
2026-02-13,159748,富国沪港深创新药产业ETF,0.50%,0.10%,0.784,0.7863,< 60日均线,下穿60日均线,0.0037,0.0115,-0.0156,
2026-02-13,159591,富国中证A50ETF,0.15%,0.05%,1.335,1.3358,< 60日均线,下穿60日均线,0.0276,0.0337,-0.0122,
2026-02-13,512620,天弘中证农业主题ETF,0.50%,0.10%,,,N/A,,,,,
2026-02-13,159940,广发中证全指金融地产ETF,0.50%,0.10%,1.248,1.2784,< 60日均线,,0.0043,0.0114,-0.0143,
2026-02-13,589020,鹏华科创板半导体材料设备主题ETF,0.50%,0.10%,1.44,1.3,≥ 60日均线,,,,,
2026-02-13,159256,华夏创业板软件ETF,0.50%,0.10%,1.127,1.041,≥ 60日均线,,,,,
2026-02-13,159958,工银瑞信创业板ETF,0.50%,0.10%,1.979,1.9441,≥ 60日均线,,0.1073,0.1206,-0.0267,
2026-02-13,588210,易方达上证科创板100ETF,0.15%,0.05%,1.545,1.4115,≥ 60日均线,,0.1026,0.0913,0.0226,
2026-02-13,159690,招商中证有色金属矿业主题ETF,0.50%,0.10%,2.256,2.0406,≥ 60日均线,,0.2352,0.2089,0.0527,
2026-02-13,589070,天弘上证科创板芯片设计主题ETF,0.50%,0.10%,,,N/A,,,,,
2026-02-13,515390,华安沪深300ETF,0.15%,0.05%,1.354,1.3471,≥ 60日均线,,0.0345,0.0402,-0.0115,
2026-02-13,589850,科创50ETF东财,0.15%,0.05%,1.407,1.3395,≥ 60日均线,,,,,
2026-02-13,560980,广发中证光伏龙头30ETF,0.50%,0.10%,0.816,0.7544,≥ 60日均线,,0.0636,0.0596,0.0079,
2026-02-13,159586,南方中证全指计算机ETF,0.50%,0.10%,1.433,1.3831,≥ 60日均线,,0.0306,0.0254,0.0103,
2026-02-13,159964,平安创业板ETF,0.15%,0.05%,2.131,2.0941,≥ 60日均线,,0.1159,0.1304,-0.029,
2026-02-13,510630,华夏消费ETF,0.50%,0.10%,0.918,0.9255,< 60日均线,,-0.0069,-0.0061,-0.0016,
2026-02-13,512250,招商中证A50ETF,0.15%,0.05%,1.211,1.2154,< 60日均线,下穿60日均线,0.0205,0.0263,-0.0117,
2026-02-13,560500,鹏扬中证500质量成长ETF,0.45%,0.05%,1.32,1.2371,≥ 60日均线,,0.0645,0.0569,0.0152,
2026-02-13,563900,摩根沪深300自由现金流ETF,0.50%,0.10%,1.213,1.1841,≥ 60日均线,,0.0334,0.0315,0.0039,
2026-02-13,562000,华宝中证A100ETF,0.50%,0.10%,0.6,0.5932,≥ 60日均线,,-0.1095,-0.1034,-0.0121,
2026-02-13,510530,工银中证500ETF,0.45%,0.07%,9.03,8.3506,≥ 60日均线,,0.5354,0.4616,0.1475,
2026-02-13,589660,南方上证科创板综合ETF,0.15%,0.05%,1.455,1.3604,≥ 60日均线,,0.0799,0.0737,0.0124,
2026-02-13,515160,招商MSCI中国A股国际通ETF,0.50%,0.10%,1.604,1.5788,≥ 60日均线,,0.0461,0.0503,-0.0083,
2026-02-13,589560,汇添富上证科创板人工智能ETF,0.50%,0.10%,1.115,0.9951,≥ 60日均线,,,,,
2026-02-13,589890,景顺长城上证科创板综合价格ETF,0.15%,0.05%,1.434,1.3438,≥ 60日均线,,0.077,0.0711,0.0118,
2026-02-13,563580,万家中证800自由现金流ETF,0.50%,0.10%,1.217,1.167,≥ 60日均线,,,,,
2026-02-13,159139,华泰柏瑞中证科创创业人工智能ETF,0.50%,0.10%,,,N/A,,,,,
2026-02-13,563960,兴全沪深300质量ETF,0.50%,0.10%,,,N/A,,,,,
2026-02-13,159572,易方达创业板中盘200ETF,0.15%,0.05%,1.578,1.5007,≥ 60日均线,,0.0672,0.0616,0.0113,
2026-02-13,159525,富国中证红利低波动ETF,0.15%,0.05%,1.09,1.0964,< 60日均线,下穿60日均线,-0.0026,0.0008,-0.0068,
2026-02-13,515890,博时红利ETF,0.15%,0.05%,1.446,1.4379,≥ 60日均线,,-0.0015,0.002,-0.007,
2026-02-13,589120,汇添富上证科创板创新药ETF,0.50%,0.10%,0.816,0.8535,< 60日均线,,,,,
2026-02-13,562660,华夏中证2000ETF,0.50%,0.10%,1.906,1.7627,≥ 60日均线,,0.1067,0.0943,0.0249,
2026-02-13,560290,景顺长城中证有色金属矿业主题ETF,0.50%,0.10%,,,N/A,,,,,
2026-02-13,561990,招商沪深300增强策略ETF,0.50%,0.10%,1.068,1.0493,≥ 60日均线,,0.0305,0.0331,-0.0053,
2026-02-13,563700,易方达中证红利价值ETF,0.15%,0.05%,1.057,1.0577,< 60日均线,下穿60日均线,0.0005,0.0033,-0.0055,
2026-02-13,159602,南方MSCI中国A50互联互通ETF,0.15%,0.07%,1.006,1.0186,< 60日均线,下穿60日均线,0.0267,0.0343,-0.0151,
2026-02-13,562990,易方达中证上海环交所碳中和ETF,0.50%,0.10%,1.085,1.0513,≥ 60日均线,,0.0565,0.0587,-0.0044,
2026-02-13,560800,鹏扬中证数字经济主题ETF,0.50%,0.10%,1.061,1.0177,≥ 60日均线,,0.0446,0.0452,-0.0011,红转绿
2026-02-13,510320,中金沪深300ETF,0.15%,0.05%,1.257,1.249,≥ 60日均线,,0.0321,0.0374,-0.0106,
2026-02-13,588820,华夏上证科创板200ETF,0.15%,0.05%,1.886,1.6983,≥ 60日均线,,0.133,0.1128,0.0403,
2026-02-13,510710,博时上证50ETF,0.15%,0.05%,4.363,4.3301,≥ 60日均线,,0.0992,0.1104,-0.0225,
2026-02-13,563520,沪深300ETF永赢,0.15%,0.05%,1.197,1.1884,≥ 60日均线,,0.031,0.0358,-0.0095,
2026-02-13,589950,富国上证科创板100ETF,0.15%,0.05%,1.148,1.0491,≥ 60日均线,,,,,
2026-02-13,589170,鹏华上证科创板芯片设计主题ETF,0.50%,0.10%,,,N/A,,,,,
2026-02-13,159903,南方深证成份ETF,0.50%,0.10%,1.714,1.658,≥ 60日均线,,0.0749,0.0765,-0.0033,
2026-02-13,589030,易方达上证科创板芯片设计主题ETF,0.50%,0.10%,,,N/A,,,,,
2026-02-13,159551,国泰中证机器人ETF,0.50%,0.10%,1.4,1.3145,≥ 60日均线,,0.0458,0.0396,0.0124,
2026-02-13,588940,富国上证科创板50成份ETF,0.15%,0.05%,1.515,1.4433,≥ 60日均线,,0.0755,0.0762,-0.0014,红转绿
2026-02-13,159739,鹏华中证云计算与大数据主题ETF,0.50%,0.10%,1.78,1.6645,≥ 60日均线,,0.1118,0.1051,0.0135,
2026-02-13,517110,国泰中证沪港深创新药产业ETF,0.50%,0.10%,0.746,0.7486,< 60日均线,下穿60日均线,0.0047,0.0119,-0.0145,
2026-02-13,510390,平安沪深300ETF,0.50%,0.10%,5.224,5.1852,≥ 60日均线,,0.1405,0.1614,-0.0417,
2026-02-13,510670,华夏上证180ETF,0.15%,0.05%,1.015,0.9969,≥ 60日均线,,,,,
2026-02-13,159330,东财沪深300ETF,0.50%,0.05%,1.437,1.4242,≥ 60日均线,,0.0382,0.0435,-0.0106,
2026-02-13,589230,南方上证科创板人工智能ETF,0.15%,0.05%,,,N/A,,,,,
2026-02-13,589160,广发上证科创板芯片ETF,0.50%,0.10%,,,N/A,,,,,
2026-02-13,515060,华夏中证全指房地产ETF,0.50%,0.10%,0.734,0.7288,≥ 60日均线,,0.006,0.0082,-0.0043,
2026-02-13,512330,南方中证500信息技术ETF,0.50%,0.10%,1.633,1.5034,≥ 60日均线,,0.1128,0.1015,0.0226,
2026-02-13,515190,中银证券中证500ETF,0.15%,0.05%,1.725,1.6004,≥ 60日均线,,0.0971,0.0838,0.0267,
2026-02-13,512080,中金中证A500ETF,0.15%,0.05%,1.322,1.2871,≥ 60日均线,,0.0473,0.0481,-0.0016,红转绿
2026-02-13,159260,博时证券公司ETF,0.50%,0.10%,0.924,0.9481,< 60日均线,,,,,
2026-02-13,515630,鹏华中证800证保ETF,0.50%,0.10%,1.41,1.4338,< 60日均线,,0.0175,0.0239,-0.0127,
2026-02-13,159531,南方中证2000ETF,0.15%,0.05%,1.523,1.4268,≥ 60日均线,,0.0732,0.0643,0.0177,
2026-02-13,588900,南方上证科创板100ETF,0.15%,0.05%,1.576,1.442,≥ 60日均线,,0.1033,0.0924,0.0218,
2026-02-13,512720,国泰中证计算机ETF,0.50%,0.10%,1.33,1.2512,≥ 60日均线,,0.039,0.033,0.012,
2026-02-13,159581,万家中证红利ETF,0.50%,0.10%,1.077,1.06,≥ 60日均线,,0.0057,0.0048,0.0017,
2026-02-13,159735,银华中证港股通消费主题ETF,0.50%,0.10%,0.856,0.8198,≥ 60日均线,,0.0013,0.0001,0.0024,绿转红
2026-02-13,159806,国泰中证新能源汽车ETF,0.50%,0.10%,0.82,0.8047,≥ 60日均线,,0.0424,0.05,-0.0151,
2026-02-13,515150,富国中证国企一带一路ETF,0.15%,0.05%,1.636,1.5347,≥ 60日均线,,0.071,0.0587,0.0244,
2026-02-13,159359,华安中证A500ETF,0.15%,0.05%,1.296,1.2623,≥ 60日均线,,0.0467,0.0473,-0.0012,红转绿
2026-02-13,516620,国泰中证影视主题ETF,0.50%,0.10%,1.282,1.124,≥ 60日均线,,0.0414,0.0261,0.0307,
2026-02-13,561560,华泰柏瑞中证全指电力公用事业ETF,0.50%,0.10%,1.243,1.2466,< 60日均线,下穿60日均线,0.0077,0.0117,-0.008,
2026-02-13,588780,国联安科创芯片设计ETF,0.50%,0.10%,0.914,1.4796,< 60日均线,,-0.0006,0.0716,-0.1444,
2026-02-13,159637,新能源车龙头ETF,0.50%,0.05%,0.932,0.9143,≥ 60日均线,,0.0478,0.0564,-0.0172,
2026-02-13,563380,华泰柏瑞航空航天ETF,0.50%,0.10%,1.289,1.153,≥ 60日均线,,,,,
2026-02-13,562950,易方达中证消费电子主题ETF,0.15%,0.05%,1.272,1.2509,≥ 60日均线,,0.0642,0.0742,-0.0201,
2026-02-13,159140,易方达中证科创创业人工智能ETF,0.50%,0.10%,,,N/A,,,,,
2026-02-13,159855,银华中证影视主题ETF,0.50%,0.10%,1.14,1.0035,≥ 60日均线,,0.0357,0.0225,0.0265,
2026-02-13,159871,银华中证有色金属ETF,0.15%,0.05%,1.105,1.9197,< 60日均线,,0.13,0.1773,-0.0945,红转绿
2026-02-13,159241,天弘国证航天航空行业ETF,0.50%,0.10%,1.502,1.365,≥ 60日均线,,0.1016,0.0792,0.0448,
2026-02-13,159300,富国沪深300ETF,0.15%,0.05%,4.946,4.9019,≥ 60日均线,,0.1394,0.1595,-0.0402,
2026-02-13,517900,招商中证银行AH价格优选ETF,0.50%,0.10%,1.456,1.4844,< 60日均线,,-0.012,-0.0045,-0.0151,
2026-02-13,560170,南方中证国新央企科技引领ETF,0.50%,0.10%,1.144,1.0571,≥ 60日均线,,0.0515,0.0417,0.0195,
2026-02-13,516520,华泰柏瑞中证智能汽车主题ETF,0.50%,0.10%,1.334,1.2901,≥ 60日均线,,0.0418,0.0422,-0.0008,红转绿
2026-02-13,512510,华泰柏瑞中证500ETF,0.15%,0.05%,2.425,2.2403,≥ 60日均线,,0.1426,0.1229,0.0394,
2026-02-13,159141,永赢中证科创创业人工智能ETF,0.50%,0.10%,,,N/A,,,,,
2026-02-13,512700,南方中证银行ETF,0.50%,0.10%,1.524,1.5928,< 60日均线,,-0.0316,-0.0168,-0.0295,
2026-02-13,159805,鹏华中证传媒ETF,0.50%,0.10%,1.691,1.5132,≥ 60日均线,,0.0989,0.0749,0.0481,
2026-02-13,511020,平安中证5-10年国债活跃券ETF,0.15%,0.05%,116.256,115.6189,≥ 60日均线,,-0.2772,-0.3094,0.0643,绿转红
2026-02-13,588460,鹏华上证科创板50成份增强策略ETF,1.00%,0.10%,1.762,1.665,≥ 60日均线,,0.0927,0.0943,-0.0033,
2026-02-13,563790,鹏华中证卫星产业ETF,0.50%,0.10%,,,N/A,,,,,
2026-02-13,159930,汇添富中证能源ETF,0.50%,0.10%,1.612,1.4956,≥ 60日均线,,0.059,0.0457,0.0264,
2026-02-13,159327,万家中证半导体材料设备主题ETF,0.50%,0.10%,2.188,1.97,≥ 60日均线,,0.1963,0.171,0.0506,
2026-02-13,588120,国泰上证科创板100ETF,0.15%,0.05%,1.57,1.4371,≥ 60日均线,,0.1027,0.0917,0.022,
2026-02-13,159221,嘉实国证自由现金流ETF,0.15%,0.05%,1.302,1.242,≥ 60日均线,,0.0503,0.0447,0.0112,
2026-02-13,159680,招商中证1000增强策略ETF,0.50%,0.10%,1.726,1.5769,≥ 60日均线,,0.0853,0.0717,0.0272,
2026-02-13,159692,证券ETF东财,0.50%,0.05%,1.294,1.3269,< 60日均线,,0.0022,0.0114,-0.0184,
2026-02-13,562880,嘉实中证电池主题ETF,0.50%,0.10%,0.854,0.8458,≥ 60日均线,,0.05,0.063,-0.0259,
2026-02-13,588020,易方达上证科创板成长ETF,0.50%,0.10%,2.093,2.0029,≥ 60日均线,,0.1508,0.1568,-0.0119,
2026-02-13,512600,嘉实中证主要消费ETF,0.50%,0.10%,0.663,0.6802,< 60日均线,,-0.0103,-0.007,-0.0066,
2026-02-13,588330,华宝双创龙头ETF,0.50%,0.10%,0.945,0.9374,≥ 60日均线,,0.0567,0.0663,-0.0192,
2026-02-13,563760,中银中证全指自由现金流ETF,0.15%,0.05%,1.287,1.2351,≥ 60日均线,,0.0528,0.0478,0.0101,
2026-02-13,516090,易方达中证新能源ETF,0.15%,0.05%,0.595,0.5704,≥ 60日均线,,0.0365,0.0393,-0.0055,
2026-02-13,588770,摩根上证科创板新一代信息技术ETF,0.15%,0.05%,1.558,1.4505,≥ 60日均线,,0.1,0.0946,0.0107,
2026-02-13,159547,华夏中证红利低波动ETF,0.15%,0.05%,1.203,1.209,< 60日均线,下穿60日均线,-0.002,0.0011,-0.006,
2026-02-13,159622,创新药ETF沪港深,0.50%,0.05%,1.11,1.1147,< 60日均线,下穿60日均线,0.0034,0.0146,-0.0223,
2026-02-13,159378,永赢国证通用航空产业ETF,0.50%,0.10%,1.445,1.3594,≥ 60日均线,,0.0796,0.0646,0.03,
2026-02-13,159588,景顺长城国证石油天然气ETF,0.50%,0.10%,1.261,1.1469,≥ 60日均线,,0.0675,0.0508,0.0332,
2026-02-13,562070,华宝沪深300增强策略ETF,0.80%,0.10%,,,N/A,,,,,
2026-02-13,159155,大成中证电池主题ETF,0.50%,0.10%,,,N/A,,,,,
2026-02-13,159782,银华中证科创创业50ETF,0.50%,0.10%,0.931,0.9232,≥ 60日均线,,0.0561,0.0654,-0.0186,
2026-02-13,512560,易方达中证军工ETF,0.50%,0.10%,0.918,0.8395,≥ 60日均线,,0.0572,0.0458,0.0228,
2026-02-13,562970,易方达中证光伏产业ETF,0.50%,0.10%,1.251,1.1562,≥ 60日均线,,0.0809,0.0743,0.0133,
2026-02-13,159321,华安中证沪深港黄金产业股票ETF,0.50%,0.10%,1.897,1.7153,≥ 60日均线,,0.1798,0.1477,0.0642,
2026-02-13,560810,融通中证诚通央企ESGETF,0.30%,0.05%,1.17,1.1182,≥ 60日均线,,0.0325,0.0298,0.0055,
2026-02-13,516920,汇添富中证芯片产业ETF,0.15%,0.05%,1.157,1.0815,≥ 60日均线,,0.0729,0.0695,0.0068,
2026-02-13,515750,富国中证科技50策略ETF,0.50%,0.10%,1.863,1.8448,≥ 60日均线,,0.0728,0.0829,-0.0203,
2026-02-13,516290,汇添富中证光伏产业ETF,0.15%,0.05%,0.68,0.6305,≥ 60日均线,,0.043,0.0398,0.0063,
2026-02-13,515250,富国中证智能汽车主题ETF,0.50%,0.10%,1.2,1.1607,≥ 60日均线,,0.0358,0.0362,-0.0009,红转绿
2026-02-13,159309,汇添富中证油气资源ETF,0.50%,0.10%,1.373,1.206,≥ 60日均线,,0.0863,0.0613,0.0501,
2026-02-13,589520,华宝上证科创板人工智能ETF,0.50%,0.10%,0.7,0.623,≥ 60日均线,,-0.0339,-0.0563,0.0448,
2026-02-13,159337,中证500ETF基金,0.50%,0.05%,1.866,1.7219,≥ 60日均线,,0.1064,0.0913,0.0301,
2026-02-13,159864,国泰中证光伏产业ETF,0.50%,0.10%,0.713,0.6606,≥ 60日均线,,0.0462,0.0428,0.0068,
2026-02-13,159715,易方达中证稀土产业ETF,0.15%,0.05%,1.368,1.2415,≥ 60日均线,,0.0963,0.0919,0.0089,
2026-02-13,159707,华宝中证800地产ETF,0.50%,0.10%,0.645,0.6361,≥ 60日均线,,-0.0013,-0.0005,-0.0016,
2026-02-13,159968,博时中证500ETF,0.15%,0.05%,10.58,9.757,≥ 60日均线,,0.6206,0.5332,0.1748,
2026-02-13,159230,华夏国证通用航空产业ETF,0.50%,0.10%,1.331,1.2591,≥ 60日均线,,0.0708,0.0563,0.0289,
2026-02-13,589600,富国上证科创板综合价格ETF,0.15%,0.05%,1.43,1.3391,≥ 60日均线,,0.08,0.0738,0.0124,
2026-02-13,512810,华宝中证军工ETF,0.50%,0.10%,0.86,0.7881,≥ 60日均线,,0.011,-0.015,0.052,
2026-02-13,159899,招商中证全指软件ETF,0.50%,0.10%,0.952,0.9305,≥ 60日均线,,0.021,0.0186,0.0047,
2026-02-13,561230,工银瑞信中证A50ETF,0.15%,0.05%,1.306,1.305,≥ 60日均线,,0.0256,0.0314,-0.0115,
2026-02-13,515020,华夏中证银行ETF,0.15%,0.05%,1.655,1.7169,< 60日均线,,-0.0171,-0.0042,-0.0258,
2026-02-13,512820,汇添富中证银行ETF,0.50%,0.10%,1.365,1.4183,< 60日均线,,-0.0171,-0.0068,-0.0206,
2026-02-13,560150,泰康中证红利低波动ETF,0.40%,0.10%,1.13,1.1442,< 60日均线,,-0.0091,-0.0051,-0.008,
2026-02-13,513700,鹏华中证港股通医药卫生综合交易ETF,0.50%,0.10%,0.668,0.6694,< 60日均线,下穿60日均线,0.0019,0.0091,-0.0145,
2026-02-13,159107,富国创业板软件ETF,0.50%,0.10%,1.015,0.9363,≥ 60日均线,,,,,
2026-02-13,159839,汇添富国证生物医药ETF,0.50%,0.10%,0.363,0.37,< 60日均线,,-0.003,-0.0005,-0.0049,
2026-02-13,159628,万家国证2000ETF,0.50%,0.10%,1.463,1.3801,≥ 60日均线,,0.071,0.0633,0.0153,
2026-02-13,159807,易方达中证科技50ETF,0.15%,0.05%,0.743,0.729,≥ 60日均线,,0.0364,0.0401,-0.0073,
2026-02-13,561100,富国中证消费电子主题ETF,0.50%,0.10%,1.329,1.3075,≥ 60日均线,,0.0652,0.0759,-0.0213,
2026-02-13,159552,招商中证2000增强策略ETF,0.50%,0.10%,2.231,2.0833,≥ 60日均线,,0.1059,0.0982,0.0155,
2026-02-13,588270,易方达上证科创板200ETF,0.15%,0.05%,1.645,1.4813,≥ 60日均线,,0.1143,0.0958,0.037,
2026-02-13,159867,鹏华中证畜牧养殖ETF,0.50%,0.10%,0.626,0.6432,< 60日均线,,-0.0004,0.0036,-0.0081,
2026-02-13,562080,华宝沪深300自由现金流ETF,0.50%,0.10%,0.633,0.6163,≥ 60日均线,,-0.1145,-0.1131,-0.0029,
2026-02-13,562510,华夏中证旅游主题ETF,0.50%,0.10%,0.809,0.7992,≥ 60日均线,,0.0278,0.026,0.0035,
2026-02-13,159369,易方达创业板50ETF,0.15%,0.05%,1.306,1.2906,≥ 60日均线,,,,,
2026-02-13,159368,华夏创业板新能源ETF,0.15%,0.05%,1.532,1.493,≥ 60日均线,,0.0857,0.0999,-0.0285,
2026-02-13,562310,银华沪深300成长ETF,0.50%,0.10%,1.031,1.0176,≥ 60日均线,,0.0386,0.0434,-0.0097,
2026-02-13,159213,汇添富中证机器人ETF,0.50%,0.10%,1.304,1.2242,≥ 60日均线,,0.041,0.0347,0.0126,
2026-02-13,159590,汇添富中证全指软件ETF,0.50%,0.10%,1.202,1.1791,≥ 60日均线,,0.0201,0.0168,0.0065,
2026-02-13,159898,招商中证全指医疗器械ETF,0.50%,0.10%,0.556,0.5596,< 60日均线,下穿60日均线,0.0005,0.0019,-0.0027,
2026-02-13,159242,大成创业板人工智能ETF,0.50%,0.10%,1.892,1.7037,≥ 60日均线,,,,,
2026-02-13,517800,方正富邦沪港深人工智能50ETF,0.50%,0.10%,1.066,1.0725,< 60日均线,,0.0489,0.0564,-0.0152,
2026-02-13,588140,广发上证科创200ETF,0.15%,0.05%,1.191,1.0712,≥ 60日均线,,,,,
2026-02-13,516810,华夏中证农业主题ETF,0.50%,0.10%,0.848,0.8503,< 60日均线,下穿60日均线,0.0221,0.0247,-0.0051,
2026-02-13,563320,华泰柏瑞中证通用航空主题ETF,0.50%,0.10%,1.191,1.1086,≥ 60日均线,,,,,
2026-02-13,159153,鹏华国证消费电子主题ETF,0.50%,0.10%,,,N/A,,,,,
2026-02-13,159247,汇添富创业板ETF,0.15%,0.05%,,,N/A,,,,,
2026-02-13,530680,兴业上证180ETF,0.15%,0.05%,1.194,1.1796,≥ 60日均线,,0.0239,0.0275,-0.0074,
2026-02-13,588430,工银瑞信中证科创创业人工智能ETF,0.45%,0.10%,,,N/A,,,,,
2026-02-13,159885,鹏华中证内地低碳经济主题ETF,0.50%,0.10%,0.82,0.8039,≥ 60日均线,,0.036,0.0414,-0.0109,
2026-02-13,561800,华富中证稀有金属主题ETF,0.50%,0.10%,1.135,1.0257,≥ 60日均线,,0.1038,0.0959,0.0158,
2026-02-13,562860,嘉实中证疫苗与生物技术ETF,0.50%,0.10%,0.685,0.7038,< 60日均线,,-0.0034,0.0019,-0.0106,
2026-02-13,563510,易方达中证A500红利低波动ETF,0.15%,0.05%,,,N/A,,,,,
2026-02-13,588410,鹏华中证科创创业人工智能ETF,0.50%,0.10%,,,N/A,,,,,
2026-02-13,512770,华夏战略新兴成指ETF,0.50%,0.10%,2.13,2.0979,≥ 60日均线,,0.1163,0.1319,-0.0312,
2026-02-13,561930,招商沪深300ETF,0.15%,0.05%,1.536,1.5226,≥ 60日均线,,0.0434,0.0494,-0.0121,
2026-02-13,588390,博时中证科创创业50ETF,0.50%,0.10%,1.008,1.0032,≥ 60日均线,,0.0601,0.0705,-0.0208,
2026-02-13,589380,富国上证科创板人工智能ETF,0.30%,0.10%,1.638,1.4595,≥ 60日均线,,,,,
2026-02-13,159392,富国国证通用航空产业ETF,0.50%,0.10%,1.309,1.231,≥ 60日均线,,0.07,0.0557,0.0285,
2026-02-13,516070,易方达中证内地低碳经济ETF,0.15%,0.05%,0.645,0.6277,≥ 60日均线,,0.0303,0.0343,-0.0081,
2026-02-13,560110,汇添富中证1000ETF,0.15%,0.05%,1.212,1.151,≥ 60日均线,,0.0533,0.0481,0.0103,
2026-02-13,159243,招商创业板人工智能ETF,0.15%,0.05%,,,N/A,,,,,
2026-02-13,159609,浦银安盛中证光伏产业ETF,0.50%,0.10%,0.638,0.588,≥ 60日均线,,0.0401,0.0368,0.0065,
2026-02-13,159380,A500ETF东财,0.15%,0.05%,1.37,1.3207,≥ 60日均线,,0.0533,0.0529,0.0008,
2026-02-13,512190,浙商之江凤凰ETF,0.50%,0.10%,2.889,2.6484,≥ 60日均线,,0.1549,0.1382,0.0333,
2026-02-13,159389,嘉实中证诚通国企数字经济ETF,0.50%,0.10%,1.546,1.453,≥ 60日均线,,0.0876,0.0847,0.0059,
2026-02-13,159390,国联中证A50ETF,0.15%,0.05%,1.221,1.2213,< 60日均线,下穿60日均线,0.0228,0.028,-0.0105,
2026-02-13,517180,南方富时中国国企开放共赢ETF,0.25%,0.05%,1.512,1.5079,≥ 60日均线,,0.0093,0.0087,0.0013,
2026-02-13,159863,鹏华中证光伏产业ETF,0.50%,0.10%,0.725,0.6709,≥ 60日均线,,0.0458,0.0422,0.0071,
2026-02-13,516050,工银中证科技龙头ETF,0.45%,0.07%,1.096,1.0705,≥ 60日均线,,0.0607,0.066,-0.0105,
2026-02-13,159856,工银瑞信中证沪港深互联网ETF,0.45%,0.07%,0.774,0.7834,< 60日均线,下穿60日均线,0.0039,0.0078,-0.0076,
2026-02-13,563060,易方达中证国资央企50ETF,0.50%,0.10%,1.127,1.0982,≥ 60日均线,,0.022,0.0189,0.0063,
2026-02-13,563680,汇添富中证800自由现金流ETF,0.50%,0.10%,1.312,1.2618,≥ 60日均线,,0.0543,0.0493,0.0098,
2026-02-13,159873,天弘中证全指医疗保健设备与服务ETF,0.50%,0.10%,0.6,0.6019,< 60日均线,下穿60日均线,0.001,0.0013,-0.0006,红转绿
2026-02-13,159910,嘉实深证基本面120ETF,0.50%,0.10%,2.463,2.4154,≥ 60日均线,,0.0628,0.0635,-0.0014,红转绿
2026-02-13,516390,汇添富中证新能源汽车产业ETF,0.15%,0.05%,1.018,1.0001,≥ 60日均线,,0.0522,0.0617,-0.0189,
2026-02-13,159916,建信深证基本面60ETF,0.50%,0.10%,5.265,5.2148,≥ 60日均线,,0.083,0.0858,-0.0057,红转绿
2026-02-13,159335,融通中证诚通央企科技创新ETF,0.30%,0.05%,1.519,1.4128,≥ 60日均线,,0.0696,0.0552,0.0288,
2026-02-13,159305,广发国证新能源电池ETF,0.50%,0.10%,1.927,1.8659,≥ 60日均线,,0.1022,0.121,-0.0375,
2026-02-13,159546,国泰中证全指集成电路ETF,0.50%,0.10%,2.054,1.9096,≥ 60日均线,,0.1243,0.1171,0.0144,
2026-02-13,510010,交银上证180公司治理ETF,0.50%,0.10%,1.808,1.7932,≥ 60日均线,,0.0366,0.0361,0.001,
2026-02-13,512550,嘉实富时中国A50ETF,0.50%,0.10%,1.751,1.7911,< 60日均线,,0.028,0.0417,-0.0275,
2026-02-13,530100,易方达上证580ETF,0.15%,0.05%,1.156,1.0749,≥ 60日均线,,,,,
2026-02-13,560230,富国中证光伏产业ETF,0.50%,0.10%,,,N/A,,,,,
2026-02-13,510130,中盘ETF,0.15%,0.05%,7.368,7.176,≥ 60日均线,,0.1916,0.1987,-0.0143,
2026-02-13,515360,方正富邦沪深300ETF,0.15%,0.05%,6.621,6.5333,≥ 60日均线,,0.1937,0.2163,-0.0453,
2026-02-13,159322,平安中证沪深港黄金产业ETF,0.50%,0.10%,1.996,1.8114,≥ 60日均线,,0.1815,0.1501,0.0628,
2026-02-13,159881,国泰中证有色金属ETF,0.50%,0.10%,2.112,1.9267,≥ 60日均线,,0.2096,0.1873,0.0446,
2026-02-13,516800,华宝中证智能制造ETF,0.50%,0.10%,0.875,0.815,≥ 60日均线,,-0.0389,-0.0612,0.0447,
2026-02-13,561090,华安中证A500增强策略ETF,0.50%,0.10%,1.221,1.1908,≥ 60日均线,,,,,
2026-02-13,159862,银华中证细分食品饮料产业主题ETF,0.50%,0.10%,0.638,0.6507,< 60日均线,,-0.011,-0.0092,-0.0035,
2026-02-13,159231,华宝国证通用航空产业ETF,0.50%,0.10%,0.701,0.6576,≥ 60日均线,,-0.0226,-0.0481,0.0511,
2026-02-13,159279,华安创业板人工智能ETF,0.50%,0.10%,1.284,1.1524,≥ 60日均线,,,,,
2026-02-13,515960,嘉实医药健康100ETF,0.50%,0.10%,0.839,0.848,< 60日均线,下穿60日均线,0.0018,0.0068,-0.0101,
2026-02-13,159511,南方中证通信服务ETF,0.50%,0.10%,2.026,1.8941,≥ 60日均线,,0.1603,0.1548,0.0109,
2026-02-13,159350,富国深证50ETF,0.50%,0.10%,1.448,1.4888,< 60日均线,,0.0383,0.0541,-0.0317,
2026-02-13,159663,华夏中证机床ETF,0.50%,0.10%,1.781,1.5892,≥ 60日均线,,0.1189,0.1025,0.0328,
2026-02-13,159773,华泰柏瑞创业板科技ETF,0.50%,0.10%,1.265,1.2171,≥ 60日均线,,0.089,0.0948,-0.0115,
2026-02-13,512160,南方MSCI中国A股国际通ETF,0.50%,0.10%,1.509,1.4814,≥ 60日均线,,0.0459,0.0494,-0.0072,
2026-02-13,159148,富国国证石油天然气ETF,0.50%,0.10%,,,N/A,,,,,
2026-02-13,515560,建信中证全指证券公司ETF,0.20%,0.05%,1.076,1.102,< 60日均线,,0.0001,0.0077,-0.0153,
2026-02-13,159643,国泰国证疫苗与生物科技ETF,0.50%,0.10%,0.581,0.6071,< 60日均线,,-0.0084,-0.0036,-0.0096,
2026-02-13,159718,平安中证港股通医药卫生综合ETF,0.50%,0.10%,0.943,0.9417,≥ 60日均线,,0.0019,0.012,-0.0201,
2026-02-13,516900,华安中证申万食品饮料ETF,0.50%,0.10%,0.577,0.5889,< 60日均线,,-0.0085,-0.0071,-0.0028,
2026-02-13,560550,广发中证上海环交所碳中和ETF,0.50%,0.10%,1.085,1.0516,≥ 60日均线,,0.0557,0.0581,-0.0049,
2026-02-13,562820,嘉实中证全指集成电路ETF,0.50%,0.10%,2.538,2.3583,≥ 60日均线,,0.1534,0.1447,0.0175,
2026-02-13,589090,鹏华科创板人工智能ETF,0.50%,0.10%,1.237,1.1037,≥ 60日均线,,,,,
2026-02-13,510160,中证南方小康产业指数ETF,0.50%,0.10%,0.947,0.948,< 60日均线,下穿60日均线,0.0154,0.0181,-0.0053,
2026-02-13,516130,华宝中证消费龙头ETF,0.50%,0.10%,0.775,0.7818,< 60日均线,,-0.0034,-0.0006,-0.0056,
2026-02-13,516950,银华中证基建ETF,0.50%,0.10%,1.202,1.1803,≥ 60日均线,,0.0234,0.0235,-0.0001,红转绿
2026-02-13,159299,易方达中证金融科技主题ETF,0.50%,0.10%,0.931,0.9314,< 60日均线,下穿60日均线,,,,
2026-02-13,516660,华安中证新能源汽车ETF,0.50%,0.10%,1.149,1.1301,≥ 60日均线,,0.058,0.0688,-0.0217,
2026-02-13,563210,富国恒生A股专精特新企业ETF,0.50%,0.10%,1.741,1.5807,≥ 60日均线,,0.1341,0.1198,0.0285,
2026-02-13,159386,永赢中证A500ETF,0.15%,0.05%,1.306,1.272,≥ 60日均线,,0.0488,0.0495,-0.0013,红转绿
2026-02-13,516270,华安中证内地新能源主题ETF,0.50%,0.10%,0.693,0.6738,≥ 60日均线,,0.038,0.043,-0.0101,
2026-02-13,589990,华泰柏瑞上证科创板综合ETF,0.15%,0.05%,1.493,1.3885,≥ 60日均线,,0.0847,0.0779,0.0137,
2026-02-13,517080,汇添富中证沪港深500ETF,0.15%,0.05%,1.025,1.0229,≥ 60日均线,,0.0233,0.0276,-0.0084,
2026-02-13,159976,工银瑞信粤港澳大湾区创新100ETF,0.25%,0.05%,1.331,1.3548,< 60日均线,,0.0226,0.0326,-0.02,
2026-02-13,560630,万家中证机器人ETF,0.50%,0.10%,1.198,1.1221,≥ 60日均线,,0.0405,0.0344,0.0123,
2026-02-13,159288,银华创业板综ETF,0.15%,0.05%,1.061,1.0173,≥ 60日均线,,,,,
2026-02-13,159610,景顺中证500增强策略ETF,0.50%,0.10%,1.223,1.1408,≥ 60日均线,,0.0619,0.0555,0.0128,
2026-02-13,516190,华夏中证文娱传媒ETF,0.50%,0.10%,1.465,1.309,≥ 60日均线,,0.0844,0.0638,0.0412,
2026-02-13,588240,鹏华上证科创板200ETF,0.15%,0.05%,1.624,1.4715,≥ 60日均线,,0.1096,0.0924,0.0343,
2026-02-13,560750,申万菱信中证A500ETF,0.15%,0.05%,1.337,1.2984,≥ 60日均线,,0.0497,0.0496,0.0002,
2026-02-13,561760,博时中证油气资源ETF,0.50%,0.10%,1.319,1.1646,≥ 60日均线,,0.0818,0.058,0.0476,
2026-02-13,512990,华夏MSCI中国A股国际通ETF,0.50%,0.10%,2.009,1.9754,≥ 60日均线,,0.0595,0.0645,-0.01,
2026-02-13,515910,中金MSCI中国A股国际质量ETF,0.30%,0.05%,0.66,0.6568,≥ 60日均线,,0.0232,0.0268,-0.0072,
2026-02-13,516500,华夏中证生物科技主题ETF,0.50%,0.10%,0.636,0.651,< 60日均线,,-0.0047,0.0002,-0.0099,
2026-02-13,159103,汇添富中证金融科技主题ETF,0.50%,0.10%,0.897,0.9009,< 60日均线,下穿60日均线,,,,
2026-02-13,159779,招商中证消费电子主题ETF,0.50%,0.10%,1.177,1.1574,≥ 60日均线,,0.059,0.0681,-0.0183,
2026-02-13,159943,大成深证成份ETF,0.50%,0.10%,1.54,1.4893,≥ 60日均线,,0.068,0.0696,-0.0031,
2026-02-13,512910,广发中证A100ETF,0.50%,0.10%,1.306,1.2887,≥ 60日均线,,0.0418,0.0465,-0.0094,
2026-02-13,588910,建信上证智选科创板创新价值ETF,0.50%,0.10%,1.486,1.3595,≥ 60日均线,,0.089,0.0789,0.0201,
2026-02-13,159372,万家创业板50ETF,0.15%,0.05%,1.709,1.6905,≥ 60日均线,,0.0968,0.1127,-0.0317,
2026-02-13,159108,博时工业软件ETF,0.50%,0.10%,,,N/A,,,,,
2026-02-13,561580,华泰柏瑞中证中央企业红利ETF,0.50%,0.10%,1.238,1.2492,< 60日均线,下穿60日均线,0.001,0.0044,-0.0069,
2026-02-13,589820,建信上证科创板200ETF,0.15%,0.05%,1.244,1.1236,≥ 60日均线,,,,,
2026-02-13,159370,工银瑞信创业板50ETF,0.15%,0.05%,1.696,1.6755,≥ 60日均线,,0.0968,0.1126,-0.0316,
2026-02-13,159695,嘉实国证通信ETF,0.50%,0.10%,2.346,2.2124,≥ 60日均线,,0.1966,0.1945,0.0043,
2026-02-13,159560,景顺长城中证芯片产业ETF,0.50%,0.10%,1.862,1.7364,≥ 60日均线,,0.1188,0.1125,0.0125,
2026-02-13,562550,华夏中证绿色电力ETF,0.50%,0.10%,1.108,1.1169,< 60日均线,下穿60日均线,0.0042,0.0085,-0.0085,
2026-02-13,516460,鹏华中证800自由现金流ETF,0.50%,0.10%,1.348,1.2736,≥ 60日均线,,0.0583,0.0522,0.0121,
2026-02-13,588110,广发上证科创板成长ETF,0.50%,0.10%,2.04,1.9522,≥ 60日均线,,0.1447,0.1507,-0.0118,
2026-02-13,563860,海富通中证A500ETF,0.15%,0.05%,1.296,1.2616,≥ 60日均线,,0.0468,0.0471,-0.0005,红转绿
2026-02-13,159902,华夏中小企业100ETF,0.50%,0.10%,4.562,4.412,≥ 60日均线,,0.1888,0.1925,-0.0074,
2026-02-13,159582,博时中证半导体产业ETF,0.50%,0.10%,2.544,2.3612,≥ 60日均线,,0.2154,0.2022,0.0263,
2026-02-13,159982,鹏华中证500ETF,0.15%,0.05%,2.175,2.0116,≥ 60日均线,,0.1247,0.1079,0.0336,
2026-02-13,516200,华安中证全指证券公司ETF,0.50%,0.10%,1.122,1.1503,< 60日均线,,-0.0005,0.0074,-0.0157,
2026-02-13,159315,工银瑞信中证沪深港黄金产业股票ETF,0.45%,0.07%,2.022,1.8298,≥ 60日均线,,0.1868,0.1536,0.0663,
2026-02-13,530380,易方达上证380ETF,0.15%,0.05%,1.122,1.0418,≥ 60日均线,,,,,
2026-02-13,159283,南方中证通用航空主题ETF,0.15%,0.05%,1.227,1.1443,≥ 60日均线,,,,,
2026-02-13,588960,富国上证科创板新能源ETF,0.50%,0.10%,1.522,1.401,≥ 60日均线,,0.0913,0.0824,0.0178,
2026-02-13,159738,华泰柏瑞中证沪港深云计算产业ETF,0.50%,0.10%,1.995,1.9511,≥ 60日均线,,0.1276,0.137,-0.0186,
2026-02-13,159208,万家国证航天航空行业ETF,0.50%,0.10%,1.509,1.3694,≥ 60日均线,,0.1019,0.0796,0.0445,
2026-02-13,159276,汇添富国证自由现金流ETF,0.50%,0.10%,1.221,1.158,≥ 60日均线,,,,,
2026-02-13,517390,天弘中证沪港深云计算产业ETF,0.50%,0.10%,1.889,1.842,≥ 60日均线,,0.1208,0.1289,-0.0162,
2026-02-13,515850,富国中证全指证券公司ETF,0.15%,0.05%,1.45,1.486,< 60日均线,,0.0015,0.0118,-0.0206,
2026-02-13,159973,弘毅远方国证民企领先100ETF,0.30%,0.20%,1.86,1.8667,< 60日均线,下穿60日均线,0.0701,0.0875,-0.0347,
2026-02-13,513230,华夏中证港股通消费主题ETF,0.50%,0.10%,1.11,1.0655,≥ 60日均线,,0.0041,0.0025,0.0033,绿转红
2026-02-13,512120,华安中证细分医药ETF,0.50%,0.10%,0.46,0.4653,< 60日均线,下穿60日均线,-0.0026,0.0008,-0.0068,
2026-02-13,589900,博时科创综指ETF,0.15%,0.05%,1.447,1.3541,≥ 60日均线,,0.0795,0.0733,0.0125,
2026-02-13,159665,工银瑞信国证半导体芯片ETF,0.45%,0.07%,2.011,1.8735,≥ 60日均线,,0.1281,0.1221,0.012,
2026-02-13,562360,银华中证机器人ETF,0.50%,0.10%,1.169,1.1,≥ 60日均线,,0.0371,0.0321,0.01,
2026-02-13,159843,招商国证食品饮料ETF,0.50%,0.10%,0.624,0.6383,< 60日均线,,-0.0089,-0.007,-0.0037,
2026-02-13,563750,汇添富中证500ETF,0.15%,0.05%,1.141,1.058,≥ 60日均线,,,,,
2026-02-13,159858,南方中证创新药产业ETF,0.15%,0.05%,0.661,0.6815,< 60日均线,,-0.0047,0.0028,-0.015,
2026-02-13,159698,鹏华国证粮食产业ETF,0.50%,0.10%,1.069,1.0552,≥ 60日均线,,0.0414,0.0383,0.0061,
2026-02-13,159814,西部利得创业板大盘ETF,0.50%,0.10%,0.658,0.6617,< 60日均线,下穿60日均线,0.0352,0.0434,-0.0165,
2026-02-13,159768,银华中证内地地产主题ETF,0.50%,0.10%,0.579,0.5701,≥ 60日均线,,-0.0016,-0.0009,-0.0014,
2026-02-13,560700,广发中证国新央企股东回报ETF,0.50%,0.05%,1.162,1.1431,≥ 60日均线,,0.0116,0.0127,-0.0022,
2026-02-13,510980,汇添富上证综合ETF,0.50%,0.10%,1.43,1.3871,≥ 60日均线,,0.0417,0.0418,-0.0002,
2026-02-13,588280,华安上证科创板50ETF,0.15%,0.05%,1.063,1.0169,≥ 60日均线,,0.0524,0.0536,-0.0024,
2026-02-13,159606,易方达中证500质量成长ETF,0.50%,0.10%,1.282,1.1979,≥ 60日均线,,0.0659,0.0579,0.016,
2026-02-13,159223,现金流ETF永赢,0.50%,0.10%,1.269,1.205,≥ 60日均线,,,,,
2026-02-13,159752,申万菱信中证内地新能源主题ETF,0.50%,0.10%,0.714,0.6913,≥ 60日均线,,0.0393,0.0442,-0.0098,
2026-02-13,562870,嘉实中证全指证券公司ETF,0.15%,0.10%,0.989,1.0123,< 60日均线,,,,,
2026-02-13,159966,华夏创业板价值ETF,0.50%,0.10%,0.601,0.5872,≥ 60日均线,,0.0203,0.0216,-0.0024,
2026-02-13,516770,华泰柏瑞中证动漫游戏ETF,0.30%,0.06%,1.687,1.5579,≥ 60日均线,,0.0696,0.0609,0.0174,
2026-02-13,515720,富国中证金融科技主题ETF,0.50%,0.10%,0.921,0.9214,< 60日均线,下穿60日均线,,,,
2026-02-13,515110,易方达中证国企一带一路ETF,0.15%,0.05%,1.728,1.6231,≥ 60日均线,,0.0745,0.0618,0.0254,
2026-02-13,589630,国泰上证科创板综合ETF,0.15%,0.05%,1.47,1.3789,≥ 60日均线,,0.0827,0.0777,0.0101,
2026-02-13,588420,摩根中证科创创业人工智能ETF,0.50%,0.10%,,,N/A,,,,,
2026-02-13,159824,博时新能源汽车ETF,0.50%,0.10%,1.252,1.2311,≥ 60日均线,,0.0639,0.0757,-0.0236,
2026-02-13,159325,南方中证半导体行业精选ETF,0.15%,0.05%,1.659,1.557,≥ 60日均线,,0.1025,0.0971,0.0107,
2026-02-13,159373,嘉实创业板50ETF,0.15%,0.05%,1.645,1.6222,≥ 60日均线,,0.0938,0.1084,-0.0291,
2026-02-13,588950,景顺长城上证科创板50成份ETF,0.15%,0.05%,1.522,1.4525,≥ 60日均线,,0.075,0.0758,-0.0015,红转绿
2026-02-13,159639,南方中证上海环交所碳中和ETF,0.50%,0.10%,1.082,1.0504,≥ 60日均线,,0.0556,0.058,-0.005,
2026-02-13,589770,招商上证科创板综合ETF,0.15%,0.05%,1.452,1.3604,≥ 60日均线,,0.0795,0.0735,0.0119,
2026-02-13,562890,嘉实中证A50ETF,0.15%,0.05%,1.34,1.3379,≥ 60日均线,,0.0281,0.034,-0.0119,
2026-02-13,159757,景顺长城国证新能源车电池ETF,0.50%,0.10%,0.901,0.8807,≥ 60日均线,,0.0487,0.0583,-0.0191,
2026-02-13,560680,广发中证主要消费ETF,0.50%,0.10%,0.851,0.8736,< 60日均线,,-0.0133,-0.009,-0.0087,
2026-02-13,588010,博时上证科创板新材料ETF,0.50%,0.10%,0.956,0.887,≥ 60日均线,,0.064,0.0592,0.0097,
2026-02-13,561010,华安中证全指软件开发ETF,0.50%,0.10%,1.218,1.1914,≥ 60日均线,,0.0241,0.0216,0.005,
2026-02-13,588860,工银瑞信上证科创板生物医药ETF,0.45%,0.07%,0.701,0.7244,< 60日均线,,-0.1668,-0.167,0.0002,绿转红
2026-02-13,159393,万家沪深300ETF,0.15%,0.05%,4.847,4.7918,≥ 60日均线,,0.2162,0.2686,-0.1048,
2026-02-13,588700,嘉实上证科创板生物医药ETF,0.50%,0.10%,1.053,1.0892,< 60日均线,,-0.0075,0.0029,-0.0207,
2026-02-13,589860,天弘上证科创板综合ETF,0.15%,0.05%,1.436,1.3444,≥ 60日均线,,0.0793,0.0732,0.0121,
2026-02-13,159767,兴银国证新能源车电池ETF,0.50%,0.10%,0.886,0.865,≥ 60日均线,,0.0469,0.0564,-0.019,
2026-02-13,589080,汇添富上证科创板综合ETF,0.15%,0.05%,1.438,1.3515,≥ 60日均线,,0.077,0.0716,0.0108,
2026-02-13,517120,华泰柏瑞中证创新药产业ETF,0.50%,0.10%,0.707,0.7073,< 60日均线,下穿60日均线,0.0043,0.0111,-0.0135,
2026-02-13,561190,富国中证上海环交所碳中和ETF,0.50%,0.10%,1.088,1.0553,≥ 60日均线,,0.0569,0.0594,-0.0051,
2026-02-13,159527,广发中证云计算与大数据ETF,0.50%,0.10%,2.376,2.2103,≥ 60日均线,,0.1499,0.1399,0.0199,
2026-02-13,159656,万家沪深300成长ETF,0.50%,0.10%,1.15,1.1339,≥ 60日均线,,0.0455,0.0509,-0.0106,
2026-02-13,588250,鹏华上证科创板生物医药ETF,0.50%,0.10%,1.101,1.1417,< 60日均线,,-0.0109,-0.0005,-0.0209,
2026-02-13,562700,华夏中证汽车零部件主题ETF,0.50%,0.10%,1.535,1.4807,≥ 60日均线,,0.0709,0.0714,-0.0009,红转绿
2026-02-13,517770,浦银安盛中证沪港深游戏及文化传媒ETF,0.50%,0.10%,1.337,1.2553,≥ 60日均线,,0.0553,0.045,0.0206,
2026-02-13,510850,工银瑞信上证50ETF,0.50%,0.10%,3.652,3.6211,≥ 60日均线,,0.0846,0.0933,-0.0174,
2026-02-13,588360,国泰中证科创创业50ETF,0.50%,0.10%,1.013,1.0049,≥ 60日均线,,0.0625,0.0724,-0.0198,
2026-02-13,510800,建信上证50ETF,0.50%,0.10%,1.435,1.4326,≥ 60日均线,,0.0294,0.0337,-0.0086,
2026-02-13,159936,广发中证全指可选消费ETF,0.50%,0.10%,2.204,2.1908,≥ 60日均线,,0.0299,0.0339,-0.0079,
2026-02-13,562960,易方达中证绿色电力ETF,0.50%,0.10%,1.106,1.1149,< 60日均线,下穿60日均线,0.0044,0.0085,-0.0082,
2026-02-13,563780,方正富邦中证全指自由现金流ETF,0.50%,0.10%,1.328,1.2729,≥ 60日均线,,0.0561,0.0512,0.0098,
2026-02-13,159835,建信中证创新药产业ETF,0.50%,0.10%,0.646,0.6693,< 60日均线,,-0.0056,0.0019,-0.015,
2026-02-13,530530,华夏上证580ETF,0.15%,0.05%,1.154,1.0743,≥ 60日均线,,,,,
2026-02-13,588920,鹏华上证科创板芯片ETF,0.50%,0.10%,1.715,1.5803,≥ 60日均线,,,,,
2026-02-13,159225,银华国证自由现金流ETF,0.50%,0.10%,1.364,1.2935,≥ 60日均线,,0.0586,0.0522,0.0128,
2026-02-13,159248,万家中证人工智能主题ETF,0.50%,0.10%,1.565,1.5129,≥ 60日均线,,,,,
2026-02-13,561600,平安中证消费电子主题ETF,0.50%,0.10%,1.231,1.2143,≥ 60日均线,,0.0586,0.0688,-0.0204,
2026-02-13,563350,华泰柏瑞中证A50ETF,0.15%,0.05%,1.369,1.364,≥ 60日均线,,0.0305,0.0362,-0.0113,
2026-02-13,159287,博时创业板综合ETF,0.15%,0.05%,1.147,1.1031,≥ 60日均线,,,,,
2026-02-13,159797,汇添富中证全指医疗器械ETF,0.15%,0.05%,0.777,0.7846,< 60日均线,,-0.0015,0.0004,-0.0037,
2026-02-13,560360,万家中证软件服务ETF,0.50%,0.10%,1.635,1.5871,≥ 60日均线,,0.0386,0.0335,0.0102,
2026-02-13,515310,添富沪深300ETF,0.15%,0.05%,1.389,1.3835,≥ 60日均线,,0.0353,0.0412,-0.0118,
2026-02-13,589980,汇添富上证科创板100ETF,0.15%,0.05%,1.598,1.4641,≥ 60日均线,,0.1022,0.0907,0.0229,
2026-02-13,159597,易方达创业板成长ETF,0.50%,0.10%,2.117,2.048,≥ 60日均线,,0.1403,0.1527,-0.0248,
2026-02-13,517050,华泰柏瑞中证沪港深互联网ETF,0.50%,0.10%,0.876,0.8864,< 60日均线,,0.0065,0.0107,-0.0084,
2026-02-13,159298,大成创业板50ETF,0.15%,0.05%,1.13,1.1188,≥ 60日均线,,,,,
2026-02-13,563980,鑫元中证800红利低波动ETF,0.50%,0.10%,0.975,0.9706,≥ 60日均线,,,,,
2026-02-13,159961,方正富邦深证100ETF,0.50%,0.10%,2.104,2.1097,< 60日均线,下穿60日均线,0.0643,0.0803,-0.032,
2026-02-13,159565,易方达中证汽车零部件主题ETF,0.50%,0.10%,1.655,1.5985,≥ 60日均线,,0.0758,0.0765,-0.0015,红转绿
2026-02-13,589680,鹏华科创板综合ETF,0.15%,0.05%,1.421,1.3367,≥ 60日均线,,0.0746,0.0695,0.0103,
2026-02-13,159939,广发中证全指信息技术ETF,0.50%,0.10%,0.942,0.9062,≥ 60日均线,,0.0483,0.0498,-0.0031,
2026-02-13,560710,富国中证智选船舶产业ETF,0.50%,0.10%,,,N/A,,,,,
2026-02-13,515080,招商中证红利ETF,0.20%,0.10%,1.599,1.5729,≥ 60日均线,,0.0068,0.0055,0.0027,
2026-02-13,159977,天弘创业板ETF,0.15%,0.05%,1.704,1.6733,≥ 60日均线,,-0.0986,-0.1251,0.0529,
2026-02-13,159562,华夏中证沪深港黄金产业股票ETF,0.15%,0.05%,2.683,2.4381,≥ 60日均线,,0.2472,0.2053,0.0838,
2026-02-13,515050,华夏中证5G通信主题ETF,0.50%,0.10%,2.322,2.2425,≥ 60日均线,,0.1885,0.2038,-0.0305,
2026-02-13,516020,华宝化工ETF,0.50%,0.10%,0.965,0.876,≥ 60日均线,,0.071,0.0605,0.0209,
2026-02-13,159980,大成有色金属期货ETF,0.60%,0.10%,2.052,2.004,≥ 60日均线,,0.0958,0.083,0.0256,
2026-02-13,512200,南方中证房地产ETF,0.50%,0.10%,1.536,1.5272,≥ 60日均线,,0.0131,0.0188,-0.0113,
2026-02-13,512900,南方中证全指证券公司ETF,0.50%,0.10%,1.162,1.1909,< 60日均线,,-0.0004,0.0078,-0.0164,
2026-02-13,560010,广发中证1000ETF,0.15%,0.05%,3.369,3.198,≥ 60日均线,,0.1463,0.1329,0.0268,
2026-02-13,562800,嘉实中证稀有金属主题ETF,0.50%,0.10%,1.063,0.9621,≥ 60日均线,,0.0968,0.0898,0.014,
2026-02-13,510210,上证综指ETF,0.50%,0.10%,1.03,1.0019,≥ 60日均线,,0.0309,0.0307,0.0003,
2026-02-13,516160,南方中证新能源ETF,0.15%,0.05%,3.038,2.9182,≥ 60日均线,,0.1869,0.2036,-0.0334,
2026-02-13,513160,银华恒生港股通中国科技ETF,0.50%,0.10%,1.163,1.2224,< 60日均线,,-0.0037,0.0109,-0.0291,
2026-02-13,159883,永赢中证全指医疗器械ETF,0.50%,0.10%,0.505,0.5111,< 60日均线,,-0.0009,0.0005,-0.0027,
2026-02-13,551300,摩根上证AAA科技创新公司债ETF,0.15%,0.05%,100.575,100.1195,≥ 60日均线,,,,,
2026-02-13,159901,易方达深证100ETF,0.15%,0.05%,3.443,3.4547,< 60日均线,下穿60日均线,0.0873,0.1156,-0.0565,
2026-02-13,510900,易方达恒生国企(QDII-ETF),0.60%,0.15%,1.136,1.1625,< 60日均线,,-0.0007,0.0071,-0.0157,
2026-02-13,159652,汇添富中证细分有色金属产业主题ETF,0.50%,0.10%,1.898,1.7323,≥ 60日均线,,0.1898,0.1708,0.0379,
2026-02-13,159813,鹏华国证半导体芯片ETF,0.50%,0.10%,1.241,1.1605,≥ 60日均线,,0.0771,0.0737,0.0068,
2026-02-13,588170,华夏上证科创板半导体材料设备主题ETF,0.50%,0.10%,1.782,1.6078,≥ 60日均线,,0.1571,0.1376,0.0389,
2026-02-13,588060,广发上证科创板50成份ETF,0.50%,0.10%,0.937,0.8955,≥ 60日均线,,0.0459,0.0469,-0.002,
2026-02-13,588030,博时上证科创板100ETF,0.15%,0.05%,1.561,1.4299,≥ 60日均线,,0.1016,0.0908,0.0217,
2026-02-13,516120,富国中证细分化工产业主题ETF,0.50%,0.10%,0.986,0.8948,≥ 60日均线,,0.0737,0.0627,0.0218,
2026-02-13,551060,中银上证AAA科创债ETF,0.15%,0.05%,100.442,99.9529,≥ 60日均线,,,,,
2026-02-13,551510,科创债ETF华泰柏瑞,0.15%,0.05%,100.776,100.2592,≥ 60日均线,,,,,
2026-02-13,512710,富国中证军工龙头ETF,0.50%,0.10%,0.859,0.7806,≥ 60日均线,,0.051,0.0381,0.0258,
2026-02-13,512760,国泰CES半导体芯片ETF,0.50%,0.10%,1.815,1.6899,≥ 60日均线,,0.1154,0.1091,0.0126,
2026-02-13,512660,国泰中证军工ETF,0.50%,0.10%,1.483,1.362,≥ 60日均线,,0.0898,0.072,0.0356,
2026-02-13,516150,嘉实中证稀土产业ETF,0.50%,0.10%,2.064,1.8829,≥ 60日均线,,0.142,0.1361,0.0119,
2026-02-13,159398,天弘深证基准做市信用债ETF,0.15%,0.05%,101.04,100.4731,≥ 60日均线,,0.0739,-0.0007,0.1491,
2026-02-13,159113,大成中证AAA科技创新公司债ETF,0.15%,0.05%,100.704,100.3671,≥ 60日均线,,,,,
2026-02-13,511190,海富通上证基准做市公司债ETF,0.15%,0.05%,100.886,100.2961,≥ 60日均线,,0.095,0.0056,0.1788,
2026-02-13,512950,华夏中证央企ETF,0.15%,0.05%,1.534,1.4848,≥ 60日均线,,0.0387,0.0337,0.0101,
2026-02-13,159816,鹏华0-4年地方政府债ETF,0.15%,0.05%,114.264,114.0126,≥ 60日均线,,0.0428,0.0659,-0.0461,
2026-02-13,515220,国泰中证煤炭ETF,0.50%,0.10%,1.144,1.0985,≥ 60日均线,,0.0062,0.0061,0.0002,绿转红
2026-02-13,159766,富国中证旅游主题ETF,0.50%,0.10%,0.8,0.7904,≥ 60日均线,,0.0271,0.0254,0.0034,
2026-02-13,551000,博时上证AAA科创债ETF,0.15%,0.05%,100.304,99.8015,≥ 60日均线,,,,,
2026-02-13,515120,广发中证创新药产业ETF,0.50%,0.10%,0.624,0.6446,< 60日均线,,-0.0051,0.0021,-0.0144,
2026-02-13,511120,广发上证AAA科技创新公司债ETF,0.15%,0.05%,100.268,99.8032,≥ 60日均线,,,,,
2026-02-13,159796,汇添富中证电池主题ETF,0.15%,0.05%,0.98,0.9708,≥ 60日均线,,0.0568,0.0717,-0.0299,
2026-02-13,159700,南方中证AAA科技创新公司债ETF,0.15%,0.05%,100.105,99.7268,≥ 60日均线,,,,,
2026-02-13,159396,博时深证基准做市信用债ETF,0.15%,0.05%,101.699,101.1231,≥ 60日均线,,0.2081,0.1443,0.1277,
2026-02-13,515330,天弘沪深300ETF,0.50%,0.10%,1.342,1.3328,≥ 60日均线,,0.0349,0.0403,-0.0109,
2026-02-13,159116,科创债ETF工银,0.15%,0.05%,100.799,100.3298,≥ 60日均线,,,,,
2026-02-13,159363,华宝创业板人工智能ETF,0.50%,0.10%,1.125,1.0101,≥ 60日均线,,0.0602,0.0363,0.0478,
2026-02-13,515230,国泰中证全指软件ETF,0.50%,0.10%,0.945,0.9279,≥ 60日均线,,0.0187,0.0169,0.0038,
2026-02-13,563020,易方达中证红利低波动ETF,0.15%,0.05%,1.188,1.1982,< 60日均线,下穿60日均线,-0.0072,-0.0038,-0.007,
2026-02-13,159783,华夏中证科创创业50ETF,0.15%,0.05%,0.935,0.9284,≥ 60日均线,,0.0563,0.066,-0.0195,
2026-02-13,159948,南方创业板ETF,0.15%,0.05%,3.634,3.5539,≥ 60日均线,,0.1971,0.2208,-0.0475,
2026-02-13,588090,华泰柏瑞上证科创板50成份ETF,0.50%,0.10%,1.514,1.4472,≥ 60日均线,,0.0744,0.0759,-0.0031,
2026-02-13,588190,银华上证科创板100ETF,0.15%,0.05%,1.553,1.4225,≥ 60日均线,,0.1004,0.0897,0.0214,
2026-02-13,159682,景顺长城创业板50ETF,0.15%,0.05%,1.492,1.4775,≥ 60日均线,,0.085,0.0993,-0.0288,
2026-02-13,159566,易方达国证新能源电池ETF,0.50%,0.10%,2.165,2.107,≥ 60日均线,,0.1176,0.14,-0.0448,
2026-02-13,513020,国泰中证港股通科技ETF,0.50%,0.10%,1.097,1.1435,< 60日均线,,-0.0163,-0.0023,-0.0279,
2026-02-13,515210,国泰中证钢铁ETF,0.50%,0.10%,1.513,1.4856,≥ 60日均线,,0.0398,0.0424,-0.0053,
2026-02-13,510230,国泰上证180金融ETF,0.50%,0.10%,1.348,1.3876,< 60日均线,,0.0001,0.0067,-0.0133,
2026-02-13,159865,国泰中证畜牧养殖ETF,0.50%,0.10%,0.617,0.6333,< 60日均线,,0.0003,0.004,-0.0074,
2026-02-13,159801,广发国证半导体芯片ETF,0.50%,0.10%,0.96,0.8984,≥ 60日均线,,0.0591,0.0566,0.005,
2026-02-13,515300,嘉实沪深300红利低波动ETF,0.50%,0.10%,1.291,1.3053,< 60日均线,,-0.0198,-0.0181,-0.0033,
2026-02-13,560530,摩根中证A500ETF,0.15%,0.05%,1.251,1.2171,≥ 60日均线,,0.0429,0.0433,-0.0008,红转绿
2026-02-13,513860,海富通中证港股通科技ETF,0.50%,0.10%,0.701,0.7347,< 60日均线,,-0.0109,-0.0016,-0.0187,
2026-02-13,159993,鹏华国证证券龙头ETF,0.50%,0.10%,1.265,1.2977,< 60日均线,,0.0025,0.0119,-0.0187,
2026-02-13,159115,华安中证AAA科技创新公司债ETF,0.15%,0.05%,100.663,100.232,≥ 60日均线,,,,,
2026-02-13,510100,易方达上证50ETF,0.15%,0.05%,3.036,3.0306,≥ 60日均线,,0.0718,0.0951,-0.0465,
2026-02-13,159611,广发中证全指电力公用事业ETF,0.50%,0.10%,1.024,1.0289,< 60日均线,下穿60日均线,0.0058,0.0091,-0.0066,
2026-02-13,516080,易方达中证创新药产业ETF,0.15%,0.05%,0.658,0.6781,< 60日均线,,-0.0036,0.0038,-0.0149,
2026-02-13,510580,易方达中证500ETF,0.15%,0.05%,4.284,3.9627,≥ 60日均线,,0.2537,0.2226,0.0622,
2026-02-13,159218,招商中证卫星产业ETF,0.50%,0.10%,1.871,1.6892,≥ 60日均线,,0.2274,0.184,0.0868,
2026-02-13,159770,天弘中证机器人ETF,0.50%,0.10%,1.121,1.0533,≥ 60日均线,,0.0365,0.0316,0.0098,
2026-02-13,159353,景顺长城中证A500ETF,0.15%,0.05%,1.25,1.2167,≥ 60日均线,,0.0452,0.0455,-0.0007,红转绿
2026-02-13,159400,景顺长城深证AAA科技创新公司债ETF,0.15%,0.05%,100.711,100.189,≥ 60日均线,,,,,
2026-02-13,512960,博时央企结构调整ETF,0.15%,0.05%,1.482,1.435,≥ 60日均线,,0.0369,0.032,0.0097,
2026-02-13,515100,景顺长城红利低波动100ETF,0.50%,0.10%,1.448,1.4875,< 60日均线,,-0.0225,-0.0109,-0.0232,
2026-02-13,515800,添富中证800ETF,0.15%,0.05%,1.3,1.2649,≥ 60日均线,,0.045,0.0458,-0.0016,红转绿
2026-02-13,512680,广发中证军工ETF,0.50%,0.10%,1.519,1.3951,≥ 60日均线,,0.0918,0.0735,0.0367,
2026-02-13,560610,招商中证A500ETF,0.15%,0.05%,1.21,1.1817,≥ 60日均线,,0.0416,0.0422,-0.0014,红转绿
2026-02-13,159399,国泰富时中国A股自由现金流聚焦ETF,0.50%,0.10%,1.172,1.1652,≥ 60日均线,,0.0253,0.0269,-0.0033,
2026-02-13,510810,汇添富中证上海国企ETF,0.45%,0.10%,0.94,0.9392,≥ 60日均线,,0.0144,0.0165,-0.0041,
2026-02-13,511580,招商中证国债及政策性金融债0-3年ETF,0.15%,0.05%,108.885,108.5106,≥ 60日均线,,0.2099,0.191,0.0379,
2026-02-13,588750,汇添富上证科创板芯片ETF,0.50%,0.10%,1.783,1.6428,≥ 60日均线,,0.1254,0.1195,0.0119,
2026-02-13,515290,天弘中证银行ETF,0.50%,0.10%,1.397,1.4504,< 60日均线,,-0.0148,-0.0038,-0.022,
2026-02-13,513690,博时恒生高股息ETF,0.50%,0.10%,1.161,1.1131,≥ 60日均线,,0.0225,0.0219,0.0011,绿转红
2026-02-13,159549,天弘中证红利低波动100ETF,0.50%,0.10%,1.212,1.211,≥ 60日均线,,0.0063,0.0087,-0.0048,
2026-02-13,159608,广发中证稀有金属主题ETF,0.50%,0.10%,1.225,1.1048,≥ 60日均线,,0.1119,0.1035,0.0169,
2026-02-13,159938,广发中证全指医药卫生ETF,0.50%,0.10%,0.657,0.6695,< 60日均线,,-0.0054,-0.0012,-0.0083,
2026-02-13,561910,招商中证电池主题ETF,0.50%,0.10%,0.836,0.8283,≥ 60日均线,,0.0492,0.062,-0.0257,
2026-02-13,159593,平安中证A50ETF,0.15%,0.05%,1.337,1.3399,< 60日均线,下穿60日均线,0.0259,0.0325,-0.0131,
2026-02-13,515170,华夏中证细分食品饮料主题ETF,0.50%,0.10%,0.546,0.5562,< 60日均线,,-0.009,-0.0077,-0.0027,
2026-02-13,563230,富国中证卫星产业ETF,0.50%,0.10%,1.538,1.389,≥ 60日均线,,,,,
2026-02-13,563300,华泰柏瑞中证2000ETF,0.50%,0.10%,1.503,1.402,≥ 60日均线,,0.0735,0.0628,0.0215,
2026-02-13,159558,易方达中证半导体材料设备主题ETF,0.50%,0.10%,2.149,1.9397,≥ 60日均线,,0.1925,0.1682,0.0485,
2026-02-13,159736,天弘中证食品饮料ETF,0.50%,0.10%,0.683,0.6968,< 60日均线,,-0.0079,-0.0061,-0.0038,
2026-02-13,588050,工银瑞信上证科创板50成份ETF,0.30%,0.05%,1.51,1.4452,≥ 60日均线,,0.0744,0.0761,-0.0034,
2026-02-13,515980,华富中证人工智能产业ETF,0.50%,0.10%,0.935,0.8957,≥ 60日均线,,-0.0455,-0.0567,0.0225,
2026-02-13,159351,嘉实中证A500ETF,0.15%,0.05%,1.243,1.2128,≥ 60日均线,,0.0424,0.0432,-0.0017,红转绿
2026-02-13,511220,海富通上证城投债ETF,0.15%,0.05%,10.277,10.2147,≥ 60日均线,,0.0044,-0.0079,0.0246,
2026-02-13,512890,华泰柏瑞中证红利低波ETF,0.50%,0.10%,1.167,1.1757,< 60日均线,下穿60日均线,-0.0018,0.0019,-0.0075,
2026-02-13,159361,易方达中证A500ETF,0.15%,0.05%,1.259,1.226,≥ 60日均线,,0.0463,0.047,-0.0015,红转绿
2026-02-13,512170,华宝中证医疗ETF,0.50%,0.10%,0.353,0.355,< 60日均线,下穿60日均线,0.0002,0.0009,-0.0015,
2026-02-13,159995,华夏国证半导体芯片ETF,0.50%,0.10%,1.936,1.8119,≥ 60日均线,,0.1206,0.1157,0.0099,
2026-02-13,513090,易方达中证香港证券投资主题ETF,0.15%,0.05%,2.044,2.0782,< 60日均线,,0.0085,0.0328,-0.0485,
2026-02-13,562500,华夏中证机器人ETF,0.50%,0.10%,1.083,1.0177,≥ 60日均线,,0.0357,0.0309,0.0097,
2026-02-13,159819,易方达中证人工智能主题ETF,0.15%,0.05%,1.596,1.5511,≥ 60日均线,,0.1023,0.1098,-0.015,
2026-02-13,159949,华安创业板50ETF,0.50%,0.10%,1.537,1.5227,≥ 60日均线,,0.0876,0.1025,-0.0299,
2026-02-13,511520,富国中债7-10年政策性金融债ETF,0.15%,0.05%,115.776,115.0026,≥ 60日均线,,0.1712,0.0827,0.177,
2026-02-13,510180,华安上证180ETF,0.15%,0.05%,4.162,4.1125,≥ 60日均线,,0.0801,0.0899,-0.0196,
2026-02-13,512480,国联安中证半导体ETF,0.50%,0.10%,1.655,1.5328,≥ 60日均线,,0.1092,0.1014,0.0156,
2026-02-13,511090,鹏扬中债-30年期国债ETF,0.15%,0.05%,115.749,115.1005,≥ 60日均线,,-1.572,-1.6991,0.2543,
2026-02-13,513980,景顺长城中证港股通科技ETF,0.50%,0.10%,0.703,0.735,< 60日均线,,-0.0108,-0.0018,-0.0181,
2026-02-13,159928,汇添富中证主要消费ETF,0.50%,0.10%,0.777,0.7982,< 60日均线,,-0.0127,-0.0087,-0.008,
2026-02-13,511110,易方达上证基准做市公司债ETF,0.15%,0.05%,101.516,100.9076,≥ 60日均线,,0.1845,0.1213,0.1264,
2026-02-13,159516,国泰中证半导体材料设备主题ETF,0.50%,0.10%,1.832,1.6571,≥ 60日均线,,0.1629,0.1425,0.041,
2026-02-13,159112,科创债ETF银华,0.15%,0.05%,100.636,100.2565,≥ 60日均线,,,,,
2026-02-13,512070,易方达沪深300非银ETF,0.50%,0.10%,0.895,0.9087,< 60日均线,,0.017,0.0206,-0.0073,
2026-02-13,551030,鹏华上证AAA科创债ETF,0.15%,0.05%,100.333,99.8883,≥ 60日均线,,,,,
2026-02-13,159600,嘉实中证AAA科技创新公司债ETF,0.15%,0.05%,100.21,99.9082,≥ 60日均线,,,,,
2026-02-13,510880,华泰柏瑞上证红利ETF,0.50%,0.10%,3.137,3.1766,< 60日均线,下穿60日均线,-0.0132,-0.0006,-0.0252,
2026-02-13,159338,国泰中证A500ETF,0.15%,0.05%,1.237,1.2053,≥ 60日均线,,0.0453,0.0461,-0.0016,红转绿
2026-02-13,159636,工银瑞信国证港股通科技30ETF,0.45%,0.07%,0.644,0.8109,< 60日均线,,-0.1969,-0.1512,-0.0914,
2026-02-13,510310,易方达沪深300发起式ETF,0.15%,0.05%,4.522,4.5423,< 60日均线,下穿60日均线,0.0954,0.1245,-0.0581,
2026-02-13,159919,嘉实沪深300ETF,0.15%,0.05%,4.866,4.8562,≥ 60日均线,,0.1052,0.1288,-0.0472,
2026-02-13,510500,南方中证500ETF,0.15%,0.05%,8.373,7.7965,≥ 60日均线,,0.4578,0.4004,0.1149,
2026-02-13,510330,华夏沪深300ETF,0.15%,0.05%,4.862,4.8341,≥ 60日均线,,0.12,0.1384,-0.0368,
2026-02-13,159792,富国中证港股通互联网ETF,0.50%,0.10%,0.834,0.8828,< 60日均线,,-0.0152,-0.0053,-0.0198,
2026-02-13,588000,华夏上证科创板50成份ETF,0.15%,0.05%,1.548,1.4799,≥ 60日均线,,0.0769,0.0783,-0.003,红转绿
2026-02-13,510050,华夏上证50ETF,0.15%,0.05%,3.114,3.1363,< 60日均线,下穿60日均线,0.0425,0.0579,-0.0307,
2026-02-13,511360,海富通中证短融ETF,0.15%,0.05%,113.08,112.8248,≥ 60日均线,,0.2329,0.2304,0.0051,绿转红
2026-02-13,511380,博时可转债ETF,0.15%,0.05%,14.619,13.9567,≥ 60日均线,,0.4397,0.3759,0.1275,
2026-02-13,511030,平安中债债利差因子ETF,0.15%,0.05%,107.158,106.7462,≥ 60日均线,,2.569,3.5765,-2.015,
2026-02-13,159915,易方达创业板ETF,0.15%,0.05%,3.265,3.2052,≥ 60日均线,,0.1792,0.2009,-0.0434,
2026-02-13,588200,嘉实上证科创板芯片ETF,0.50%,0.10%,2.674,2.4629,≥ 60日均线,,0.1917,0.1838,0.0158,
2026-02-13,563360,华泰柏瑞中证A500ETF,0.15%,0.05%,1.305,1.2723,≥ 60日均线,,0.0472,0.0481,-0.0016,红转绿
2026-02-13,588080,易方达上证科创板50ETF,0.15%,0.05%,1.5,1.4331,≥ 60日均线,,0.0724,0.0738,-0.0028,
2026-02-13,159352,南方中证A500ETF,0.15%,0.05%,1.285,1.2529,≥ 60日均线,,0.0459,0.0463,-0.0009,红转绿
2026-02-13,512050,华夏中证A500ETF,0.15%,0.05%,1.229,1.1976,≥ 60日均线,,0.0444,0.0452,-0.0016,红转绿
2026-02-13,512000,华宝券商ETF,0.50%,0.10%,0.562,0.5754,< 60日均线,,-0.0566,-0.0705,0.0278,
2026-02-13,512400,南方中证申万有色金属ETF,0.50%,0.10%,2.193,1.9954,≥ 60日均线,,0.219,0.1959,0.0461,
2026-02-13,159870,鹏华中证细分化工产业ETF,0.50%,0.10%,0.907,0.8247,≥ 60日均线,,0.0662,0.0563,0.0198,
2026-02-13,512100,南方中证1000ETF,0.15%,0.05%,3.285,3.1393,≥ 60日均线,,0.1367,0.1273,0.0188,
2026-02-13,512880,国泰中证全指证券公司ETF,0.50%,0.10%,1.174,1.204,< 60日均线,,-0.0004,0.0079,-0.0166,
2026-02-13,588290,华安上证科创板芯片ETF,0.15%,0.05%,2.619,2.4112,≥ 60日均线,,0.1885,0.1807,0.0156,
2026-02-13,159206,永赢国证商用卫星ETF,0.50%,0.10%,1.798,1.6309,≥ 60日均线,,0.2198,0.1798,0.0802,
2026-02-13,512010,易方达沪深300医药ETF,0.50%,0.10%,0.382,0.3889,< 60日均线,,-0.0045,-0.0016,-0.0057,
2026-02-13,159755,广发国证新能源车电池ETF,0.50%,0.10%,1.088,1.0634,≥ 60日均线,,0.0583,0.07,-0.0234,
2026-02-13,159952,广发创业板ETF,0.15%,0.05%,1.989,1.9514,≥ 60日均线,,0.1079,0.1211,-0.0265,
2026-02-13,551800,国泰中证AAA科技创新公司债ETF,0.15%,0.05%,100.655,100.2453,≥ 60日均线,,,,,
2026-02-13,512800,华宝中证银行ETF,0.50%,0.10%,0.779,0.8085,< 60日均线,,-0.0715,-0.0879,0.0328,
2026-02-13,512980,广发中证传媒ETF,0.50%,0.10%,1.211,1.0808,≥ 60日均线,,0.0725,0.0544,0.0363,
2026-02-13,511180,海富通上证投资级可转债ETF,0.25%,0.05%,13.398,12.9204,≥ 60日均线,,0.3191,0.2756,0.0871,
2026-02-13,563220,富国中证A500ETF,0.15%,0.05%,1.283,1.2505,≥ 60日均线,,0.0467,0.0475,-0.0015,红转绿
2026-02-13,159781,易方达中证科创创业50ETF,0.15%,0.05%,0.93,0.9234,≥ 60日均线,,0.0564,0.066,-0.0191,
2026-02-13,515790,华泰柏瑞中证光伏产业ETF,0.50%,0.10%,1.094,1.0147,≥ 60日均线,,0.0691,0.0641,0.0101,
2026-02-13,511130,博时上证30年期国债ETF,0.15%,0.05%,105.583,104.9222,≥ 60日均线,,-1.065,-1.2249,0.3197,
2026-02-13,551500,易方达中证AAA科技创新公司债ETF,0.15%,0.05%,100.613,100.1048,≥ 60日均线,,,,,
2026-02-13,159397,广发深证基准做市信用债ETF,0.15%,0.05%,101.568,101.0252,≥ 60日均线,,0.199,0.1379,0.1222,
2026-02-13,515070,华夏中证人工智能主题ETF,0.50%,0.10%,2.029,1.9691,≥ 60日均线,,0.1298,0.1389,-0.0183,
2026-02-13,159842,银华中证全指证券公司ETF,0.15%,0.05%,1.114,1.1424,< 60日均线,,-0.0,0.0079,-0.0158,
2026-02-13,511100,华夏上证基准做市国债ETF,0.15%,0.05%,108.135,107.5752,≥ 60日均线,,-0.1663,-0.2302,0.1277,
2026-02-13,159841,天弘中证全指证券公司ETF,0.50%,0.10%,1.064,1.0912,< 60日均线,,-0.0006,0.0069,-0.015,
2026-02-13,159851,华宝中证金融科技主题ETF,0.50%,0.10%,0.84,0.8445,< 60日均线,下穿60日均线,-0.0573,-0.0755,0.0365,
2026-02-13,159395,大成深证基准做市信用债ETF,0.15%,0.05%,101.78,101.2008,≥ 60日均线,,0.1958,0.1333,0.1249,
2026-02-13,551580,泰康中证AAA科技创新公司债ETF,0.15%,0.05%,100.71,100.3889,≥ 60日均线,,,,,
2026-02-13,588220,鹏华上证科创板100ETF,0.15%,0.05%,1.554,1.4255,≥ 60日均线,,0.1004,0.0896,0.0215,
2026-02-13,515180,易方达中证红利ETF,0.15%,0.05%,1.416,1.3858,≥ 60日均线,,0.002,-0.0006,0.0052,
2026-02-13,551520,汇添富中证AAA科创债ETF,0.15%,0.05%,100.426,100.0707,≥ 60日均线,,,,,
2026-02-13,513770,华宝中证港股通互联网ETF,0.50%,0.10%,0.51,0.5412,< 60日均线,,-0.0831,-0.0953,0.0243,
2026-02-13,159201,华夏国证自由现金流ETF,0.15%,0.05%,1.305,1.2366,≥ 60日均线,,0.0566,0.0497,0.0138,
2026-02-13,551900,招商中证AAA科技创新公司债ETF,0.15%,0.05%,100.2,99.7437,≥ 60日均线,,,,,
2026-02-13,511070,南方上证基准做市公司债ETF,0.15%,0.05%,101.097,100.6065,≥ 60日均线,,0.1271,0.0723,0.1097,
2026-02-13,159326,华夏中证电网设备主题ETF,0.50%,0.10%,1.83,1.5792,≥ 60日均线,,0.1389,0.1131,0.0517,
2026-02-13,159530,易方达国证机器人产业ETF,0.50%,0.10%,1.604,1.534,≥ 60日均线,,0.0485,0.0472,0.0026,
2026-02-13,512500,华夏中证500ETF,0.15%,0.05%,4.64,4.2938,≥ 60日均线,,0.2616,0.2258,0.0715,
2026-02-13,516650,华夏细分有色金属产业主题ETF,0.50%,0.10%,2.145,1.959,≥ 60日均线,,0.2148,0.1935,0.0426,
2026-02-13,551560,兴业中证AAA科技创新公司债ETF,0.15%,0.05%,100.385,99.9775,≥ 60日均线,,,,,
2026-02-13,159922,嘉实中证500ETF,0.15%,0.05%,3.328,3.0921,≥ 60日均线,,0.1504,0.1142,0.0724,
2026-02-13,159992,银华中证创新药产业ETF,0.50%,0.05%,0.832,0.8597,< 60日均线,,-0.0069,0.0025,-0.0189,
2026-02-13,159200,富国中证AAA科技创新公司债ETF,0.15%,0.05%,100.577,100.1828,≥ 60日均线,,,,,
2026-02-13,517520,永赢中证沪深港黄金产业股票ETF,0.50%,0.10%,2.482,2.2393,≥ 60日均线,,0.2303,0.1896,0.0813,
2026-02-13,515450,南方红利低波50ETF,0.50%,0.10%,1.41,1.4181,< 60日均线,下穿60日均线,-0.0065,-0.0042,-0.0045,
2026-02-13,515880,国泰中证全指通信设备ETF,0.50%,0.10%,1.046,2.7002,< 60日均线,,-0.0004,0.2248,-0.4505,
2026-02-13,159845,华夏中证1000ETF,0.15%,0.05%,3.385,3.2071,≥ 60日均线,,0.1483,0.1341,0.0285,
2026-02-13,511260,国泰上证10年期国债ETF,0.15%,0.05%,135.258,134.6659,≥ 60日均线,,-0.1551,-0.2315,0.1528,
2026-02-13,511200,华夏上证基准做市公司债ETF,0.15%,0.05%,101.439,100.8989,≥ 60日均线,,0.1488,0.0934,0.1108,
2026-02-13,563800,广发中证A500ETF,0.15%,0.05%,1.232,1.2005,≥ 60日均线,,0.0446,0.0454,-0.0016,红转绿
2026-02-13,560860,万家中证工业有色金属主题ETF,0.50%,0.10%,1.86,1.6535,≥ 60日均线,,0.1952,0.1718,0.0468,
2026-02-13,159852,嘉实中证软件服务ETF,0.50%,0.10%,0.926,0.9039,≥ 60日均线,,0.0193,0.0168,0.0049,
2026-02-13,159869,华夏中证动漫游戏ETF,0.50%,0.10%,1.623,1.5029,≥ 60日均线,,0.0659,0.0579,0.0161,
2026-02-13,551550,华夏中证AAA科技创新公司债ETF,0.15%,0.05%,100.271,99.7756,≥ 60日均线,,,,,
2026-02-13,515900,博时央企创新驱动ETF,0.15%,0.05%,1.709,1.6392,≥ 60日均线,,0.0475,0.0399,0.0153,
2026-02-13,515030,华夏中证新能源汽车ETF,0.50%,0.10%,1.878,1.8462,≥ 60日均线,,0.0964,0.1142,-0.0355,
2026-02-13,159972,鹏华中证5年地债ETF,0.15%,0.05%,117.757,117.2396,≥ 60日均线,,0.3877,0.3479,0.0797,
2026-02-13,515400,富国中证大数据产业ETF,0.50%,0.10%,1.081,0.9927,≥ 60日均线,,0.0318,0.0229,0.0178,
2026-02-13,516970,广发中证基建工程ETF,0.50%,0.10%,1.218,1.2008,≥ 60日均线,,0.0248,0.0243,0.0009,
2026-02-13,588710,科半导体,0.50%,0.10%,1.841,1.6611,≥ 60日均线,,0.1642,0.1442,0.04,
2026-02-13,159147,南方中证电池主题ETF,0.15%,0.05%,,,N/A,,,,,
2026-02-13,512630,广发中证卫星产业ETF,0.50%,0.10%,1.539,1.3889,≥ 60日均线,,,,,
2026-02-13,159840,工银瑞信国证新能源车电池ETF,0.45%,0.07%,0.871,0.8513,≥ 60日均线,,0.0467,0.056,-0.0187,
2026-02-13,516570,易方达中证石化产业ETF,0.15%,0.05%,1.111,0.9977,≥ 60日均线,,0.0783,0.0622,0.0323,
2026-02-13,588300,招商中证科创创业50ETF,0.50%,0.10%,0.959,0.9528,≥ 60日均线,,0.058,0.0677,-0.0194,
2026-02-13,159638,嘉实中证高端装备细分50ETF,0.50%,0.10%,1.133,1.0383,≥ 60日均线,,0.0791,0.0626,0.0329,
2026-02-13,159957,华夏创业板ETF,0.15%,0.05%,2.149,2.1098,≥ 60日均线,,0.1165,0.131,-0.0291,
2026-02-13,588730,易方达上证科创板人工智能ETF,0.50%,0.10%,1.709,1.5213,≥ 60日均线,,0.0968,0.0831,0.0272,
2026-02-13,159360,天弘中证A500ETF,0.15%,0.05%,1.318,1.2809,≥ 60日均线,,0.0492,0.0495,-0.0007,红转绿
2026-02-13,588930,银华上证科创板人工智能ETF,0.50%,0.10%,1.811,1.6161,≥ 60日均线,,0.0995,0.0862,0.0267,
2026-02-13,513200,易方达中证港股通医药卫生综合ETF,0.15%,0.05%,1.125,1.1257,< 60日均线,下穿60日均线,0.0042,0.0165,-0.0247,
2026-02-13,159790,华夏中证内地低碳经济主题ETF,0.50%,0.10%,0.798,0.7799,≥ 60日均线,,0.035,0.0405,-0.011,
2026-02-13,588830,鹏华上证科创板新能源ETF,0.50%,0.10%,1.679,1.5495,≥ 60日均线,,0.0976,0.0883,0.0186,
2026-02-13,517400,国泰中证沪深港黄金产业股票ETF,0.50%,0.10%,1.957,1.7667,≥ 60日均线,,0.1798,0.1476,0.0645,
2026-02-13,588400,嘉实中证科创创业50ETF,0.50%,0.10%,0.94,0.934,≥ 60日均线,,0.0568,0.0664,-0.0192,
2026-02-13,560260,广发中证医疗ETF,0.50%,0.05%,0.89,0.8901,< 60日均线,下穿60日均线,0.001,0.0028,-0.0035,
2026-02-13,159362,工银中证A500ETF,0.15%,0.05%,1.308,1.2711,≥ 60日均线,,0.0502,0.0504,-0.0004,红转绿
2026-02-13,516860,博时金融科技ETF,0.50%,0.10%,1.43,1.4385,< 60日均线,下穿60日均线,0.0087,0.0148,-0.0123,
2026-02-13,517160,南方中证长江保护主题ETF,0.15%,0.05%,0.966,0.9287,≥ 60日均线,,0.0351,0.0352,-0.0004,红转绿
2026-02-13,159263,易方达国证价值100ETF,0.50%,0.10%,1.168,1.1162,≥ 60日均线,,,,,
2026-02-13,515680,嘉实中证央企创新驱动ETF,0.15%,0.05%,1.72,1.6512,≥ 60日均线,,0.0486,0.0411,0.015,
2026-02-13,159258,南方中证机器人ETF,0.50%,0.10%,1.212,1.1377,≥ 60日均线,,,,,
2026-02-13,560780,广发中证半导体材料设备主题ETF,0.50%,0.10%,2.017,1.824,≥ 60日均线,,0.1808,0.1583,0.045,
2026-02-13,515600,广发央企创新ETF,0.15%,0.05%,1.714,1.6431,≥ 60日均线,,0.0481,0.0406,0.0151,
2026-02-13,159157,天弘中证工业有色金属主题ETF,0.50%,0.10%,,,N/A,,,,,
2026-02-13,159129,嘉实中证细分化工产业主题ETF,0.15%,0.05%,1.185,1.0748,≥ 60日均线,,,,,
2026-02-13,159697,鹏华国证石油天然气ETF,0.50%,0.10%,1.341,1.2193,≥ 60日均线,,0.0717,0.0538,0.0359,
2026-02-13,516820,平安医药及医疗器械创新ETF,0.50%,0.10%,0.362,0.3678,< 60日均线,,-0.0034,-0.001,-0.0049,
2026-02-13,159633,易方达中证1000ETF,0.15%,0.05%,3.451,3.2617,≥ 60日均线,,0.1587,0.1428,0.0318,
2026-02-13,589800,易方达上证科创板综合ETF,0.15%,0.05%,1.442,1.3522,≥ 60日均线,,0.0802,0.074,0.0123,
2026-02-13,515010,华夏中证全指证券公司ETF,0.15%,0.05%,1.346,1.3797,< 60日均线,,0.0001,0.0098,-0.0192,
2026-02-13,159601,华夏MSCI中国A50互联互通ETF,0.50%,0.10%,1.046,1.0593,< 60日均线,,0.0311,0.0396,-0.017,
2026-02-13,159875,嘉实中证新能源ETF,0.50%,0.10%,0.72,0.6893,≥ 60日均线,,0.0433,0.0465,-0.0065,
2026-02-13,159267,华安国证航天航空行业ETF,0.50%,0.10%,1.257,1.1473,≥ 60日均线,,,,,
2026-02-13,561550,华泰柏瑞中证500增强策略ETF,0.70%,0.10%,1.401,1.305,≥ 60日均线,,0.0769,0.0702,0.0136,
2026-02-13,159905,工银深证红利ETF,0.50%,0.10%,1.882,1.838,≥ 60日均线,,0.0399,0.0353,0.0092,
2026-02-13,159731,华夏中证石化产业ETF,0.50%,0.10%,1.015,0.9226,≥ 60日均线,,0.0712,0.0572,0.028,
2026-02-13,159215,平安中证A500ETF,0.15%,0.05%,1.308,1.2725,≥ 60日均线,,0.0501,0.0511,-0.0021,红转绿
2026-02-13,517330,易方达中证长江保护主题ETF,0.15%,0.05%,0.977,0.9361,≥ 60日均线,,0.0354,0.036,-0.0012,
2026-02-13,563080,易方达中证A50ETF,0.15%,0.05%,1.342,1.3437,< 60日均线,下穿60日均线,0.0274,0.0336,-0.0123,
2026-02-13,159381,华夏创业板人工智能ETF,0.15%,0.05%,2.126,1.9094,≥ 60日均线,,0.2033,0.1881,0.0304,
2026-02-13,516350,易方达中证芯片产业ETF,0.15%,0.05%,1.34,1.2497,≥ 60日均线,,0.0869,0.0826,0.0087,
2026-02-13,159356,万家中证A500ETF,0.15%,0.05%,1.291,1.2559,≥ 60日均线,,0.0476,0.0479,-0.0006,红转绿
2026-02-13,159996,国泰中证全指家电ETF,0.50%,0.10%,1.581,1.5544,≥ 60日均线,,0.0409,0.0412,-0.0006,红转绿
2026-02-13,588350,鹏扬中证科创创业50ETF,0.50%,0.10%,1.44,1.4334,≥ 60日均线,,0.087,0.1021,-0.0301,
2026-02-13,159667,国泰中证机床ETF,0.50%,0.10%,1.804,1.6069,≥ 60日均线,,0.1207,0.1043,0.0328,
2026-02-13,159713,富国中证稀土产业ETF,0.50%,0.10%,1.492,1.3548,≥ 60日均线,,0.104,0.0992,0.0098,
2026-02-13,588230,华泰柏瑞上证科创板200ETF,0.15%,0.05%,1.77,1.5987,≥ 60日均线,,0.1253,0.1064,0.0379,
2026-02-13,511060,海富通上证5年期地方政府债ETF,0.15%,0.05%,106.906,106.6259,≥ 60日均线,,0.0332,-0.0175,0.1013,
2026-02-13,516880,银华中证光伏产业ETF,0.50%,0.10%,0.921,0.8551,≥ 60日均线,,0.0579,0.0538,0.0081,
2026-02-13,510590,平安中证500ETF,0.50%,0.10%,8.813,8.1657,≥ 60日均线,,0.5138,0.4418,0.144,
2026-02-13,159997,天弘中证电子ETF,0.50%,0.10%,1.712,1.6563,≥ 60日均线,,0.0903,0.0975,-0.0145,
2026-02-13,516670,招商中证畜牧养殖ETF,0.20%,0.10%,0.69,0.7049,< 60日均线,,0.0026,0.0065,-0.0078,
2026-02-13,159847,易方达中证医疗ETF,0.15%,0.05%,0.416,0.4173,< 60日均线,下穿60日均线,0.0009,0.0018,-0.0017,
2026-02-13,159222,易方达国证自由现金流ETF,0.15%,0.05%,1.389,1.3126,≥ 60日均线,,0.0627,0.0559,0.0135,
2026-02-13,589190,华宝上证科创板芯片ETF,0.30%,0.08%,,,N/A,,,,,
2026-02-13,159751,鹏华中证港股通科技ETF,0.45%,0.10%,1.014,1.0587,< 60日均线,,-0.0149,-0.0023,-0.0252,
2026-02-13,159908,博时创业板ETF,0.15%,0.05%,3.043,2.99,≥ 60日均线,,0.1638,0.1842,-0.0408,
2026-02-13,159592,银华中证A50ETF,0.15%,0.05%,1.316,1.3176,< 60日均线,下穿60日均线,0.0258,0.032,-0.0124,
2026-02-13,562930,易方达中证软件服务ETF,0.50%,0.10%,0.954,0.9271,≥ 60日均线,,0.0216,0.0189,0.0053,
2026-02-13,159599,西藏东财中证芯片产业ETF,0.50%,0.05%,2.303,2.1492,≥ 60日均线,,0.1461,0.1388,0.0146,
2026-02-13,159310,天弘中证芯片产业ETF,0.50%,0.05%,2.316,2.1608,≥ 60日均线,,0.1481,0.1409,0.0143,
2026-02-13,159526,嘉实中证机器人ETF,0.50%,0.10%,1.582,1.4865,≥ 60日均线,,0.0515,0.0444,0.0143,
2026-02-13,159259,易方达国证成长100ETF,0.50%,0.10%,1.09,1.0523,≥ 60日均线,,,,,
2026-02-13,512580,广发中证环保ETF,0.50%,0.10%,1.335,1.2985,≥ 60日均线,,0.0597,0.0669,-0.0144,
2026-02-13,517380,天弘恒生沪深港创新药精选50ETF,0.50%,0.10%,0.786,0.7812,≥ 60日均线,,0.0103,0.0173,-0.0142,
2026-02-13,510380,国寿安保沪深300ETF,0.50%,0.10%,1.383,1.3704,≥ 60日均线,,0.0365,0.042,-0.011,
2026-02-13,563530,易方达中证卫星产业ETF,0.50%,0.10%,1.53,1.3805,≥ 60日均线,,,,,
2026-02-13,560570,国联安中证A500红利低波ETF,0.35%,0.05%,1.01,1.008,≥ 60日均线,,,,,
2026-02-13,159358,大成中证A500ETF,0.15%,0.05%,1.315,1.2811,≥ 60日均线,,0.0478,0.0487,-0.0017,红转绿
2026-02-13,159758,华夏中证红利质量ETF,0.15%,0.05%,1.107,1.0595,≥ 60日均线,,0.0233,0.0196,0.0073,
2026-02-13,159887,富国中证800银行ETF,0.50%,0.10%,1.266,1.317,< 60日均线,,-0.0142,-0.004,-0.0203,
2026-02-13,530000,天弘上证50ETF,0.50%,0.10%,1.414,1.409,≥ 60日均线,,0.0306,0.0348,-0.0084,
2026-02-13,159158,景顺长城中证全指电力公用事业ETF,0.50%,0.10%,,,N/A,,,,,
2026-02-13,159278,鹏华国证机器人产业ETF,0.50%,0.10%,1.135,1.0856,≥ 60日均线,,,,,
2026-02-13,159647,鹏华中证中药ETF,0.50%,0.10%,0.977,0.99,< 60日均线,,-0.0063,-0.0039,-0.0048,
2026-02-13,589000,华夏上证科创板综合ETF,0.15%,0.05%,1.445,1.3548,≥ 60日均线,,0.079,0.0731,0.0118,
2026-02-13,159837,易方达中证生物科技主题ETF,0.15%,0.05%,0.501,0.5119,< 60日均线,,-0.0024,0.0014,-0.0076,
2026-02-13,588180,国联安上证科创板50成份ETF,0.30%,0.05%,0.954,0.9102,≥ 60日均线,,0.0473,0.0482,-0.0017,
2026-02-13,159880,鹏华国证有色金属行业ETF,0.50%,0.10%,2.237,2.0238,≥ 60日均线,,0.2237,0.199,0.0493,
2026-02-13,159273,汇添富中证沪港深云计算产业ETF,0.50%,0.10%,1.41,1.3745,≥ 60日均线,,,,,
2026-02-13,515710,华宝中证细分食品饮料主题ETF,0.50%,0.10%,0.583,0.5925,< 60日均线,,-0.0093,-0.0078,-0.0029,
2026-02-13,515370,华夏中证光伏产业ETF,0.40%,0.10%,1.04,0.9646,≥ 60日均线,,,,,
2026-02-13,159209,招商中证全指红利质量ETF,0.15%,0.05%,1.264,1.2097,≥ 60日均线,,0.0484,0.0417,0.0134,
2026-02-13,159583,富国中证通信设备主题ETF,0.50%,0.10%,1.333,1.2704,≥ 60日均线,,-0.0622,-0.052,-0.0204,
2026-02-13,589720,国泰上证科创板创新药ETF,0.50%,0.10%,0.881,0.9224,< 60日均线,,,,,
2026-02-13,159671,工银瑞信中证稀有金属主题ETF,0.45%,0.07%,1.49,1.3478,≥ 60日均线,,0.1381,0.1278,0.0205,
2026-02-13,516100,华夏中证金融科技主题ETF,0.15%,0.05%,1.382,1.3882,< 60日均线,下穿60日均线,0.0104,0.0163,-0.0117,
2026-02-13,516640,富国中证芯片产业ETF,0.50%,0.10%,1.19,1.1105,≥ 60日均线,,0.075,0.0714,0.0073,
2026-02-13,560350,摩根中证A50ETF,0.15%,0.05%,1.269,1.2746,< 60日均线,下穿60日均线,0.0208,0.027,-0.0124,
2026-02-13,510150,招商上证消费80ETF,0.50%,0.10%,0.552,0.5595,< 60日均线,,-0.0012,0.0017,-0.0058,
2026-02-13,515700,平安中证新能源汽车产业ETF,0.15%,0.05%,2.514,2.4667,≥ 60日均线,,0.1316,0.1548,-0.0464,
2026-02-13,561330,国泰中证有色金属矿业主题ETF,0.50%,0.10%,2.219,2.0033,≥ 60日均线,,0.2348,0.2087,0.0522,
2026-02-13,516780,华泰柏瑞中证稀土产业ETF,0.50%,0.10%,1.999,1.8211,≥ 60日均线,,0.1382,0.1323,0.0119,
2026-02-13,511010,国泰上证5年期国债ETF,0.15%,0.05%,140.845,140.4355,≥ 60日均线,,-0.0769,-0.1231,0.0924,
2026-02-13,588800,华夏上证科创板100ETF,0.15%,0.05%,1.532,1.4008,≥ 60日均线,,0.1024,0.0913,0.0222,
2026-02-13,159307,博时中证红利低波100ETF,0.15%,0.05%,1.073,1.0746,< 60日均线,下穿60日均线,0.0006,0.0025,-0.0037,
2026-02-13,588380,富国中证科创创业50ETF,0.50%,0.10%,0.95,0.9451,≥ 60日均线,,0.057,0.067,-0.0199,
2026-02-13,159959,银华中证央企结构调整ETF,0.15%,0.05%,1.656,1.5999,≥ 60日均线,,0.041,0.0353,0.0115,
2026-02-13,159232,南方中证全指自由现金流ETF,0.15%,0.05%,1.327,1.2811,≥ 60日均线,,0.0551,0.052,0.0062,
2026-02-13,513550,华泰柏瑞中证港股通50ETF,0.50%,0.10%,1.173,1.1803,< 60日均线,下穿60日均线,0.0183,0.023,-0.0094,
2026-02-13,159967,华夏创成长ETF,0.50%,0.10%,0.612,0.6213,< 60日均线,,0.0266,0.0321,-0.011,
2026-02-13,516510,易方达中证云计算与大数据主题ETF,0.15%,0.05%,1.884,1.7514,≥ 60日均线,,0.1217,0.1133,0.0168,
2026-02-13,159235,大成中证全指自由现金流ETF,0.15%,0.05%,1.344,1.2906,≥ 60日均线,,0.0589,0.0544,0.0089,
2026-02-13,159998,天弘中证计算机ETF,0.50%,0.10%,1.107,1.045,≥ 60日均线,,0.0311,0.0267,0.0089,
2026-02-13,159339,银华中证A500ETF,0.15%,0.05%,1.245,1.2116,≥ 60日均线,,0.0452,0.0458,-0.0012,红转绿
2026-02-13,563880,汇添富中证A500ETF,0.15%,0.05%,1.275,1.2409,≥ 60日均线,,0.0461,0.0467,-0.0013,红转绿
2026-02-13,159985,华夏饲料豆粕期货ETF,0.50%,0.10%,2.0,1.9712,≥ 60日均线,,0.0057,0.0037,0.004,
2026-02-13,512020,鹏华中证A500ETF,0.15%,0.05%,1.302,1.2677,≥ 60日均线,,0.0467,0.0473,-0.0012,红转绿
2026-02-13,589010,华夏上证科创板人工智能ETF,0.50%,0.10%,1.639,1.4598,≥ 60日均线,,0.0923,0.0803,0.0241,
2026-02-13,562590,华夏中证半导体材料设备主题ETF,0.50%,0.10%,1.927,1.7418,≥ 60日均线,,0.1717,0.1501,0.0432,
2026-02-13,515000,华宝中证科技龙头ETF,0.50%,0.10%,1.034,1.0101,≥ 60日均线,,-0.0509,-0.0697,0.0377,
2026-02-13,159623,博时成渝经济圈ETF,0.15%,0.05%,1.036,1.0292,≥ 60日均线,,0.0283,0.0347,-0.0126,
2026-02-13,159559,景顺长城国证机器人产业ETF,0.50%,0.10%,1.439,1.3779,≥ 60日均线,,0.0426,0.0415,0.0023,
2026-02-13,159780,南方中证科创创业50ETF,0.50%,0.10%,0.93,0.9244,≥ 60日均线,,0.0553,0.0651,-0.0196,
2026-02-13,159603,天弘中证科创创业50ETF,0.50%,0.10%,1.437,1.4281,≥ 60日均线,,0.0865,0.1015,-0.03,
2026-02-13,511150,科创债ETF永赢,0.15%,0.05%,100.765,100.2317,≥ 60日均线,,,,,
2026-02-13,159650,博时中债0-3年国开行ETF,0.15%,0.05%,107.573,107.3527,≥ 60日均线,,0.1789,0.1705,0.0169,
2026-02-13,159859,天弘国证生物医药ETF,0.50%,0.10%,0.389,0.3973,< 60日均线,,-0.0028,-0.0002,-0.0053,
2026-02-13,515650,富国中证消费50ETF,0.50%,0.10%,1.175,1.1859,< 60日均线,,-0.0022,0.0013,-0.0071,
2026-02-13,515380,泰康沪深300ETF,0.40%,0.05%,5.388,5.349,≥ 60日均线,,0.1409,0.1622,-0.0426,
2026-02-13,510350,工银瑞信沪深300ETF,0.15%,0.05%,4.866,4.8358,≥ 60日均线,,0.1294,0.1492,-0.0395,
2026-02-13,560050,汇添富MSCI中国A50互联互通ETF,0.50%,0.10%,1.034,1.0485,< 60日均线,,0.0292,0.0379,-0.0174,
2026-02-13,510360,广发沪深300ETF,0.50%,0.10%,1.779,1.7629,≥ 60日均线,,0.0455,0.0525,-0.0139,
2026-02-13,512670,鹏华中证国防ETF,0.30%,0.10%,1.007,0.9095,≥ 60日均线,,0.0604,0.0455,0.0299,
2026-02-13,159227,华夏国证航天航空行业ETF,0.50%,0.10%,1.476,1.3408,≥ 60日均线,,0.099,0.0775,0.0431,
2026-02-13,560510,泰康中证A500ETF,0.15%,0.05%,1.215,1.1793,≥ 60日均线,,0.0417,0.0419,-0.0004,红转绿
2026-02-13,512930,平安人工智能ETF,0.15%,0.05%,2.275,2.2135,≥ 60日均线,,0.1452,0.1562,-0.0219,
2026-02-13,159246,富国创业板人工智能ETF,0.40%,0.05%,1.059,1.8879,< 60日均线,下穿60日均线,,,,
2026-02-13,159629,富国中证1000ETF,0.15%,0.05%,3.365,3.1924,≥ 60日均线,,0.1464,0.1325,0.0278,
2026-02-13,560090,汇添富中证全指证券公司ETF,0.50%,0.10%,1.259,1.2923,< 60日均线,,-0.0009,0.0082,-0.0183,
2026-02-13,511270,海富通上证10年期地方政府债ETF,0.15%,0.05%,117.934,117.316,≥ 60日均线,,0.0833,-0.0126,0.1919,
2026-02-13,562060,华宝标普中国A股红利机会ETF,0.50%,0.10%,0.659,0.6285,≥ 60日均线,,-0.0449,-0.0685,0.0473,
2026-02-13,515660,国联安沪深300ETF,0.30%,0.05%,5.802,5.7433,≥ 60日均线,,0.1488,0.1723,-0.0469,
2026-02-13,516010,国泰中证动漫游戏ETF,0.50%,0.10%,1.612,1.4925,≥ 60日均线,,0.0654,0.0573,0.0162,
2026-02-13,561980,招商中证半导体产业ETF,0.50%,0.10%,2.317,2.151,≥ 60日均线,,0.1963,0.1848,0.0231,
2026-02-13,159133,天弘中证细分化工产业主题ETF,0.50%,0.10%,,,N/A,,,,,
2026-02-13,512040,富国中证价值ETF,0.60%,0.10%,1.236,1.1778,≥ 60日均线,,0.0497,0.0447,0.01,
2026-02-13,159925,南方沪深300ETF,0.15%,0.05%,4.704,4.6666,≥ 60日均线,,0.0985,0.1165,-0.0359,
2026-02-13,563000,易方达MSCI中国A50互联互通ETF,0.15%,0.05%,1.049,1.064,< 60日均线,下穿60日均线,0.0309,0.0397,-0.0175,
2026-02-13,513070,易方达中证港股通消费主题ETF,0.15%,0.05%,1.41,1.3516,≥ 60日均线,,0.0058,0.0038,0.004,绿转红
2026-02-13,510510,广发中证500ETF,0.50%,0.10%,2.653,2.4496,≥ 60日均线,,0.1498,0.1289,0.0419,
2026-02-13,159828,国泰中证医疗ETF,0.50%,0.10%,0.439,0.4408,< 60日均线,下穿60日均线,0.0007,0.0016,-0.0018,
2026-02-13,159745,国泰中证全指建筑材料ETF,0.50%,0.10%,0.717,0.6779,≥ 60日均线,,0.0243,0.0185,0.0116,
2026-02-13,159382,南方创业板人工智能ETF,0.50%,0.10%,2.409,2.1632,≥ 60日均线,,0.2294,0.2128,0.0332,
2026-02-13,589130,易方达上证科创板芯片ETF,0.50%,0.10%,,,N/A,,,,,
2026-02-13,159595,大成中证A50ETF,0.15%,0.05%,1.337,1.338,< 60日均线,下穿60日均线,0.026,0.0323,-0.0126,
2026-02-13,159649,华安中债1-5年国开债ETF,0.15%,0.05%,109.035,108.6705,≥ 60日均线,,0.2337,0.2115,0.0443,
2026-02-13,510720,国泰上证国有企业红利ETF,0.50%,0.10%,0.985,0.9738,≥ 60日均线,,-0.0007,-0.0006,-0.0001,
2026-02-13,159673,鹏华沪深300ETF,0.15%,0.05%,1.276,1.2691,≥ 60日均线,,0.0327,0.0379,-0.0105,
2026-02-13,563390,华泰柏瑞中证全指自由现金流ETF,0.50%,0.10%,1.344,1.2905,≥ 60日均线,,0.0579,0.0537,0.0085,
2026-02-13,159820,天弘中证500ETF,0.50%,0.10%,1.413,1.3079,≥ 60日均线,,0.0806,0.0694,0.0223,
2026-02-13,560770,招商中证机器人ETF,0.50%,0.10%,1.07,1.0016,≥ 60日均线,,,,,
2026-02-13,159981,建信能源化工期货ETF,0.50%,0.10%,1.269,1.2545,≥ 60日均线,,-0.0046,-0.0146,0.0201,
2026-02-13,159110,万家深证AAA科技创新公司债ETF,0.15%,0.05%,100.865,100.3066,≥ 60日均线,,,,,
2026-02-13,561160,富国中证电池主题ETF,0.50%,0.10%,0.837,0.8296,≥ 60日均线,,0.0494,0.0622,-0.0256,
2026-02-13,159357,博时中证A500ETF,0.15%,0.05%,1.294,1.2582,≥ 60日均线,,0.0465,0.0468,-0.0005,红转绿
2026-02-13,588890,南方上证科创板芯片ETF,0.50%,0.10%,3.012,2.7677,≥ 60日均线,,0.2168,0.2076,0.0184,
2026-02-13,510760,国泰上证综合交易ETF,0.15%,0.05%,1.328,1.2968,≥ 60日均线,,0.0396,0.0397,-0.0003,红转绿
2026-02-13,517300,国寿安保中证沪港深300ETF,0.50%,0.10%,0.945,0.9456,< 60日均线,下穿60日均线,0.0203,0.0251,-0.0094,
2026-02-13,588760,广发上证科创板人工智能ETF,0.50%,0.10%,0.879,0.7827,≥ 60日均线,,0.0395,0.0283,0.0225,
2026-02-13,159876,华宝有色金属ETF,0.50%,0.10%,1.133,1.0322,≥ 60日均线,,0.051,0.0196,0.0628,
2026-02-13,159857,天弘中证光伏产业ETF,0.50%,0.10%,0.93,0.8611,≥ 60日均线,,0.0597,0.0551,0.0092,
2026-02-13,159625,嘉实国证绿色电力ETF,0.50%,0.10%,1.203,1.2029,≥ 60日均线,,0.0085,0.0112,-0.0054,
2026-02-13,561360,国泰中证油气产业ETF,0.50%,0.10%,1.442,1.2761,≥ 60日均线,,0.0876,0.0628,0.0496,
2026-02-13,561380,国泰恒生A股电网设备ETF,0.50%,0.10%,1.986,1.7353,≥ 60日均线,,0.1711,0.1521,0.0381,
2026-02-13,159272,富国国证机器人产业ETF,0.50%,0.10%,0.961,0.9176,≥ 60日均线,,,,,
2026-02-13,511160,国债ETF东财,0.15%,0.05%,101.34,101.034,≥ 60日均线,,0.221,0.2077,0.0266,
2026-02-13,516310,易方达中证银行ETF,0.15%,0.05%,1.286,1.3345,< 60日均线,,-0.0132,-0.003,-0.0203,
2026-02-13,159825,富国中证农业主题ETF,0.50%,0.10%,0.83,0.8325,< 60日均线,下穿60日均线,0.0213,0.0237,-0.005,
2026-02-13,512570,易方达中证全指证券公司ETF,0.50%,0.10%,1.179,1.2083,< 60日均线,,0.0006,0.0091,-0.0171,
2026-02-13,516550,嘉实中证大农业ETF,N/A,N/A,0.78,0.7693,≥ 60日均线,,0.0229,0.023,-0.0001,红转绿
2026-02-13,159994,银华中证5G通信主题ETF,0.50%,0.10%,0.948,1.7536,< 60日均线,,0.0774,0.1502,-0.1456,
2026-02-13,159971,富国创业板ETF,0.15%,0.05%,1.144,1.2587,< 60日均线,,-0.1865,-0.1301,-0.1129,
2026-02-13,159929,汇添富中证医药卫生ETF,0.50%,0.10%,1.352,1.3767,< 60日均线,,-0.0106,-0.0022,-0.0168,
2026-02-13,560280,广发中证工程机械主题ETF,0.50%,0.10%,1.83,1.6435,≥ 60日均线,,0.0909,0.0746,0.0325,
2026-02-13,159732,华夏国证消费电子主题ETF,0.50%,0.10%,1.157,1.1212,≥ 60日均线,,0.0536,0.0571,-0.007,
2026-02-21,159111,天弘中证AAA科技创新公司债ETF,0.15%,0.05%,,,N/A,,,,,
2026-02-21,159388,国泰创业板人工智能ETF,0.50%,0.10%,,,N/A,,,,,
2026-02-21,588100,嘉实上证科创板新一代信息技术ETF,0.50%,0.10%,,,N/A,,,,,
2026-02-21,516000,华夏中证大数据产业ETF,0.50%,0.10%,,,N/A,,,,,
2026-02-21,512290,国泰中证生物医药ETF,0.50%,0.10%,,,N/A,,,,,
2026-02-21,159207,广发中证智选高股息策略ETF,0.50%,0.10%,,,N/A,,,,,
2026-02-21,561170,富国中证绿色电力ETF,0.50%,0.10%,,,N/A,,,,,
2026-02-21,159681,鹏华创业板50ETF,0.15%,0.05%,,,N/A,,,,,
2026-02-21,561700,博时中证全指电力公用事业ETF,0.50%,0.10%,,,N/A,,,,,
2026-02-21,588790,博时科创板人工智能ETF,0.50%,0.10%,,,N/A,,,,,
2026-02-21,159387,国泰创业板新能源ETF,0.50%,0.10%,,,N/A,,,,,
2026-02-21,510410,博时上证自然资源ETF,0.50%,0.10%,,,N/A,,,,,
2026-02-21,159320,广发恒生A股电网设备ETF,0.50%,0.05%,,,N/A,,,,,
2026-02-21,159379,融通中证A500ETF,0.15%,0.05%,,,N/A,,,,,
2026-02-21,512690,鹏华中证酒ETF,0.50%,0.10%,,,N/A,,,,,
2026-02-21,560080,汇添富中证中药ETF,0.50%,0.10%,,,N/A,,,,,
